#
# A fatal error has been detected by the Java Runtime Environment:
#
#  EXCEPTION_ACCESS_VIOLATION (0xc0000005) at pc=0x00007ffb0d3380f5, pid=16596, tid=14068
#
# JRE version: Java(TM) SE Runtime Environment Oracle GraalVM 21.0.6+8.1 (21.0.6+8) (build 21.0.6+8-LTS-jvmci-23.1-b55)
# Java VM: Java HotSpot(TM) 64-Bit Server VM Oracle GraalVM 21.0.6+8.1 (21.0.6+8-LTS-jvmci-23.1-b55, mixed mode, sharing, tiered, jvmci, jvmci compiler, compressed oops, compressed class ptrs, g1 gc, windows-amd64)
# Problematic frame:
# V  [jvm.dll+0x3180f5]
#
# No core dump will be written. Minidumps are not enabled by default on client versions of Windows
#
# If you would like to submit a bug report, please visit:
#   https://bugreport.java.com/bugreport/crash.jsp
#

---------------  S U M M A R Y ------------

Command Line: -XX:ThreadPriorityPolicy=1 -XX:+UnlockExperimentalVMOptions -XX:+EnableJVMCIProduct -XX:-UnlockExperimentalVMOptions --add-opens=java.base/java.util=ALL-UNNAMED --add-opens=java.base/java.lang=ALL-UNNAMED --add-opens=java.base/java.lang.invoke=ALL-UNNAMED --add-opens=java.prefs/java.util.prefs=ALL-UNNAMED --add-exports=jdk.compiler/com.sun.tools.javac.api=ALL-UNNAMED --add-exports=jdk.compiler/com.sun.tools.javac.util=ALL-UNNAMED --add-opens=java.base/java.nio.charset=ALL-UNNAMED --add-opens=java.base/java.net=ALL-UNNAMED --add-opens=java.base/java.util.concurrent.atomic=ALL-UNNAMED -Xmx3G -Dfile.encoding=UTF-8 -Duser.country=CN -Duser.language=zh -Duser.variant -javaagent:C:\Users\Administrator\.gradle\wrapper\dists\gradle-8.10-bin\deqhafrv1ntovfmgh0nh3npr9\gradle-8.10\lib\agents\gradle-instrumentation-agent-8.10.jar org.gradle.launcher.daemon.bootstrap.GradleDaemon 8.10

Host: AMD Ryzen 5 5600 6-Core Processor              , 12 cores, 31G,  Windows 11 , 64 bit Build 26100 (10.0.26100.3775)
Time: Tue Apr 22 11:03:27 2025  Windows 11 , 64 bit Build 26100 (10.0.26100.3775) elapsed time: 845.533977 seconds (0d 0h 14m 5s)

---------------  T H R E A D  ---------------

Current thread (0x00000239807d76f0):  WorkerThread "G1 Conc#1"      [id=14068, stack(0x0000005a74b00000,0x0000005a74c00000) (1024K)]

Stack: [0x0000005a74b00000,0x0000005a74c00000],  sp=0x0000005a74bffa60,  free space=1022k
Native frames: (J=compiled Java code, j=interpreted, Vv=VM code, C=native code)
V  [jvm.dll+0x3180f5]
V  [jvm.dll+0x317f8f]
V  [jvm.dll+0x31593d]
V  [jvm.dll+0x315582]
V  [jvm.dll+0x334d50]
V  [jvm.dll+0x331611]
V  [jvm.dll+0x33314c]
V  [jvm.dll+0x331edf]
V  [jvm.dll+0x335806]
V  [jvm.dll+0x88c667]
V  [jvm.dll+0x808c4b]
V  [jvm.dll+0x6d270d]
C  [ucrtbase.dll+0x37b0]
C  [KERNEL32.DLL+0x2e8d7]
C  [ntdll.dll+0xb14fc]


siginfo: EXCEPTION_ACCESS_VIOLATION (0xc0000005), reading address 0x00000241a8509260


Registers:
RAX=0x00000239a850cf80, RBX=0x00000239a854cb80, RCX=0x0000000000000015, RDX=0x0000000000000002
RSP=0x0000005a74bffa60, RBP=0x0000000000000002, RSI=0x00000239a852dac0, RDI=0x000000064b8291d8
R8 =0x000000064b8291d8, R9 =0x00000000fffff85c, R10=0x00000239a84e8b30, R11=0x0000000000000003
R12=0x0000000000000000, R13=0xaaaaaaaaaaaaaaab, R14=0x00000239cab513b0, R15=0x000000074b829178
RIP=0x00007ffb0d3380f5, EFLAGS=0x0000000000010216


Register to memory mapping:

RAX=0x00000239a850cf80 points into unknown readable memory: 0x00000239a6aaec40 | 40 ec aa a6 39 02 00 00
RBX=0x00000239a854cb80 points into unknown readable memory: 0x00007ffb0d9fbc08 | 08 bc 9f 0d fb 7f 00 00
RCX=0x0000000000000015 is an unknown value
RDX=0x0000000000000002 is an unknown value
RSP=0x0000005a74bffa60 points into unknown readable memory: 0x000000000004c4b4 | b4 c4 04 00 00 00 00 00
RBP=0x0000000000000002 is an unknown value
RSI=0x00000239a852dac0 points into unknown readable memory: 0x00000239a853b2b0 | b0 b2 53 a8 39 02 00 00
RDI=0x000000064b8291d8 is an unknown value
R8 =0x000000064b8291d8 is an unknown value
R9 =0x00000000fffff85c is an unknown value
R10=0x00000239a84e8b30 points into unknown readable memory: 0x00007ffb0d9fa260 | 60 a2 9f 0d fb 7f 00 00
R11=0x0000000000000003 is an unknown value
R12=0x0 is null
R13=0xaaaaaaaaaaaaaaab is an unknown value
R14=0x00000239cab513b0 is a pointer to class: 
net.minecraftforge.srgutils.MappingFile$1 {0x00000239cab513b8}
 - instance size:     3
 - klass size:        76
 - access:            synchronized 
 - flags:             has_nonstatic_fields should_verify_class has_nonstatic_concrete_methods has_localvariable_table 
 - state:             loaded
 - name:              'net/minecraftforge/srgutils/MappingFile$1'
 - super:             'java/lang/Object'
 - sub:               
 - arrays:            null
 - methods:           Array<T>(0x0000023988221f30)
 - method ordering:   Array<T>(0x00000239c9b27d78)
 - default_methods:   Array<T>(0x0000000000000000)
 - local interfaces:  Array<T>(0x0000023988220fd8)
 - trans. interfaces: Array<T>(0x0000023988220fd8)
 - constants:         constant pool [115] {0x000002398822b5d0} for 'net/minecraftforge/srgutils/MappingFile$1'
 - class loader data:  loader data: 0x0000023983091180 for instance a 'org/gradle/internal/classloader/VisitableURLClassLoader$InstrumentingVisitableURLClassLoader'{0x0000000742d204e8}
 - source file:       'MappingFile.java'
 - inner classes:     Array<T>(0x000002398822beb0)
 - nest members:     Array<T>(0x00000239c961c770)
 - permitted subclasses:     Array<T>(0x00000239c961c770)
 - java mirror:       a 'java/lang/Class'{0x0000000746003140} = 'net/minecraftforge/srgutils/MappingFile$1'
 - vtable length      10  (start addr: 0x00000239cab51570)
 - itable length      9 (start addr: 0x00000239cab515c0)
 - ---- static fields (0 words):
 - ---- non-static fields (2 words):
 - final synthetic 'val$link' 'Lnet/minecraftforge/srgutils/IMappingFile;' @12 
 - final synthetic 'this$0' 'Lnet/minecraftforge/srgutils/MappingFile;' @16 
 - non-static oop maps: 12-16 
R15=0x000000074b829178 is an oop: net.minecraftforge.srgutils.MappingFile$Cls$Method$Parameter 
{0x000000074b829178} - klass: 'net/minecraftforge/srgutils/MappingFile$Cls$Method$Parameter'
 - ---- fields (total size 5 words):
 - private final 'original' 'Ljava/lang/String;' @12  "p_117441_"{0x000000074b8291a0} (0xe9705234)
 - private final 'mapped' 'Ljava/lang/String;' @16  
[error occurred during error reporting (printing register info), id 0xc0000005, EXCEPTION_ACCESS_VIOLATION (0xc0000005) at pc=0x00007ffb0d6dfa2d]

Top of Stack: (sp=0x0000005a74bffa60)
0x0000005a74bffa60:   000000000004c4b4 00007ffb0d3381ba
0x0000005a74bffa70:   0000f29fcdd0367c 00007ffb0d337f8f
0x0000005a74bffa80:   000000064b8291d8 00007ffb0d337f8f
0x0000005a74bffa90:   00000239a854cb80 0000005a74bffc30
0x0000005a74bffaa0:   00000239cab513a0 0000005a74bffc30
0x0000005a74bffab0:   000000074b829194 00007ffb0d33593d
0x0000005a74bffac0:   000000074b829188 00007ffb0d33608d
0x0000005a74bffad0:   000000074b828fcc 00007ffb0d335582
0x0000005a74bffae0:   0000005a74bffbf0 0000000000000001
0x0000005a74bffaf0:   000000074b829178 00007ffb0d335582
0x0000005a74bffb00:   00000239cab51110 0000000000000005
0x0000005a74bffb10:   0000005a74bffc30 0000000000000000
0x0000005a74bffb20:   00000239a854cb80 00007ffb0d354d50
0x0000005a74bffb30:   000000074b829178 00000239a852dad0
0x0000005a74bffb40:   0000005a74bffbf0 00000239a852dad0
0x0000005a74bffb50:   000000074b829178 00007ffb0d351611
0x0000005a74bffb60:   000000000170522f 0000005a723ff310
0x0000005a74bffb70:   0000005a74bffba0 00007ffb0d352c64
0x0000005a74bffb80:   0000000001740000 00007ffb0d35314c
0x0000005a74bffb90:   000000074b829158 000000000170522f
0x0000005a74bffba0:   00000000002625a0 000000000004c4b4
0x0000005a74bffbb0:   00000239817829c0 0000000000000001
0x0000005a74bffbc0:   00000239a854cb80 00007ffb0d351edf
0x0000005a74bffbd0:   00000239a854cc18 0000000000000000
0x0000005a74bffbe0:   0000005a723ff301 0000000000000000
0x0000005a74bffbf0:   00000239a852dac0 00000239a854cb80
0x0000005a74bffc00:   000000074b800000 0000000000040000
0x0000005a74bffc10:   000000074b800000 0000000000040000
0x0000005a74bffc20:   000000000004c4b4 00000000001efe92
0x0000005a74bffc30:   00007ffb0d9fbc28 00000239c86f85e0
0x0000005a74bffc40:   0000005a00000003 00000239a84e8b30
0x0000005a74bffc50:   00000239a854cb80 00007ffb0d6c3a33 

Instructions: (pc=0x00007ffb0d3380f5)
0x00007ffb0d337ff5:   05 75 35 48 8b 83 a8 00 00 00 48 39 83 a0 00 00
0x00007ffb0d338005:   00 73 10 48 8b 83 c0 00 00 00 48 39 83 b8 00 00
0x00007ffb0d338015:   00 72 7f 48 8b cb e8 10 bf 01 00 b0 01 48 8b 5c
0x00007ffb0d338025:   24 30 48 83 c4 20 5f c3 48 8b 53 30 44 8b 82 80
0x00007ffb0d338035:   00 00 00 8b 82 00 01 00 00 41 8b c8 2b c8 81 e1
0x00007ffb0d338045:   ff ff 01 00 81 f9 fe ff 01 00 72 2c 48 8b cb e8
0x00007ffb0d338055:   e7 b2 01 00 48 8b 53 30 44 8b 82 80 00 00 00 8b
0x00007ffb0d338065:   82 00 01 00 00 41 8b c8 2b c8 81 e1 ff ff 01 00
0x00007ffb0d338075:   81 f9 fe ff 01 00 73 1a 48 8b 82 80 01 00 00 4a
0x00007ffb0d338085:   89 3c c0 41 8d 40 01 25 ff ff 01 00 89 82 80 00
0x00007ffb0d338095:   00 00 48 8b 5c 24 30 b0 01 48 83 c4 20 5f c3 cc
0x00007ffb0d3380a5:   cc cc cc cc cc cc cc cc cc cc cc 48 89 6c 24 10
0x00007ffb0d3380b5:   48 89 74 24 18 57 48 83 ec 20 4c 8b 51 08 48 8b
0x00007ffb0d3380c5:   f1 4d 8b c8 8b ea 49 8b f8 41 8b 8a 18 02 00 00
0x00007ffb0d3380d5:   49 8b 82 10 02 00 00 48 d3 e0 8b 0d 9b 6e 91 00
0x00007ffb0d3380e5:   4c 2b c8 49 8b 82 f8 01 00 00 49 d3 e9 45 8b c9
0x00007ffb0d3380f5:   4a 8b 04 c8 48 8b 40 60 4c 3b c0 72 12 32 c0 48
0x00007ffb0d338105:   8b 6c 24 38 48 8b 74 24 40 48 83 c4 20 5f c3 48
0x00007ffb0d338115:   8b 46 10 48 8d 4e 10 48 8b d7 48 89 5c 24 30 ff
0x00007ffb0d338125:   10 8b 4e 28 48 8b d7 48 2b 56 18 48 8b 46 30 48
0x00007ffb0d338135:   c1 ea 03 48 d3 ea 48 8b ca 48 c1 e9 06 4c 8d 04
0x00007ffb0d338145:   c8 0f b6 ca 49 8b 00 80 e1 3f ba 01 00 00 00 48
0x00007ffb0d338155:   d3 e2 48 8b c8 48 0b ca 48 3b c8 74 12 f0 49 0f
0x00007ffb0d338165:   b1 08 74 25 48 8b c8 48 0b ca 48 3b c8 75 ee 32
0x00007ffb0d338175:   db 48 8b 6c 24 38 0f b6 c3 48 8b 5c 24 30 48 8b
0x00007ffb0d338185:   74 24 40 48 83 c4 20 5f c3 80 3d 05 f4 8a 00 00
0x00007ffb0d338195:   b3 01 74 15 8b 57 08 8b 0d d6 dd 8a 00 48 d3 e2
0x00007ffb0d3381a5:   48 03 15 c4 dd 8a 00 eb 04 48 8b 57 08 48 8b cf
0x00007ffb0d3381b5:   e8 76 53 e2 ff 48 8b 8e b8 02 00 00 4c 8b d8 4c
0x00007ffb0d3381c5:   8b 0c e9 49 8b 51 18 8b 8a 18 02 00 00 4c 8b 82
0x00007ffb0d3381d5:   10 02 00 00 41 8b 51 60 49 d3 e0 8b 0d 9a 6d 91
0x00007ffb0d3381e5:   00 49 2b f8 48 d3 ef 44 8b d7 49 23 d2 48 c1 e2 


Stack slot to memory mapping:

stack at sp + 0 slots: 0x000000000004c4b4 is an unknown value
stack at sp + 1 slots: 0x00007ffb0d3381ba jvm.dll
stack at sp + 2 slots: 0x0000f29fcdd0367c is an unknown value
stack at sp + 3 slots: 0x00007ffb0d337f8f jvm.dll
stack at sp + 4 slots: 0x000000064b8291d8 is an unknown value
stack at sp + 5 slots: 0x00007ffb0d337f8f jvm.dll
stack at sp + 6 slots: 0x00000239a854cb80 points into unknown readable memory: 0x00007ffb0d9fbc08 | 08 bc 9f 0d fb 7f 00 00
stack at sp + 7 slots: 0x0000005a74bffc30 points into unknown readable memory: 0x00007ffb0d9fbc28 | 28 bc 9f 0d fb 7f 00 00


---------------  P R O C E S S  ---------------

Threads class SMR info:
_java_thread_list=0x0000023983fceb10, length=133, elements={
0x00000239a84d88f0, 0x00000239c885ede0, 0x00000239c88603a0, 0x00000239c8864290,
0x00000239c8867050, 0x00000239c8868e30, 0x00000239c8872b40, 0x00000239c889f4c0,
0x00000239c889ff50, 0x00000239c89360d0, 0x00000239c8b1eb60, 0x00000239816c5e10,
0x000002398178cb40, 0x000002398179d800, 0x00000239819212d0, 0x000002398191f890,
0x0000023981920c40, 0x000002398191ff20, 0x000002398191eb70, 0x0000023982341760,
0x0000023982341df0, 0x0000023982340a40, 0x000002398233f000, 0x0000023982dbebb0,
0x0000023982dbf240, 0x0000023982dc0c80, 0x0000023982dbf8d0, 0x0000023983560ad0,
0x000002398355f090, 0x0000023983c60ba0, 0x0000023983c61230, 0x0000023983f4a7f0,
0x0000023983fe9ca0, 0x0000023983fe6820, 0x0000023983fea330, 0x0000023983fea9c0,
0x0000023983fe7540, 0x0000023983fe7bd0, 0x0000023983c618c0, 0x0000023983c61f50,
0x0000023983c625e0, 0x0000023983c62c70, 0x0000023983c63300, 0x0000023983c5fe80,
0x0000023983c63990, 0x0000023983c60510, 0x0000023983c646b0, 0x0000023983c653d0,
0x0000023983c64020, 0x0000023983c65a60, 0x0000023983c660f0, 0x0000023983c66780,
0x0000023983c66e10, 0x0000023983c64d40, 0x0000023983c674a0, 0x0000023983f46650,
0x00000239819827b0, 0x0000023983f48720, 0x0000023983f47a00, 0x0000023983f48090,
0x0000023983f47370, 0x0000023983f48db0, 0x0000023983f49440, 0x0000023983f45fc0,
0x0000023983f49ad0, 0x0000023983f4b510, 0x0000023983f4bba0, 0x0000023983f4ae80,
0x0000023983f4c230, 0x0000023983f4c8c0, 0x0000023983f4cf50, 0x0000023983f4a160,
0x0000023983f4d5e0, 0x000002398355e370, 0x000002398355ea00, 0x000002398355f720,
0x000002398355d650, 0x000002398355dce0, 0x0000023983560440, 0x00000239835617f0,
0x0000023983563230, 0x000002398355fdb0, 0x00000239835645e0, 0x0000023983562510,
0x00000239835638c0, 0x0000023983562ba0, 0x0000023983563f50, 0x0000023983564c70,
0x0000023982ba51c0, 0x0000023983fe6eb0, 0x0000023983fe8260, 0x0000023983fe88f0,
0x0000023983fe6190, 0x0000023983fe9610, 0x0000023983feb050, 0x0000023983febd70,
0x0000023983feb6e0, 0x0000023983fed120, 0x0000023983fec400, 0x0000023983feca90,
0x0000023983fed7b0, 0x000002398233f690, 0x000002398233fd20, 0x00000239823403b0,
0x00000239823410d0, 0x00000239819205b0, 0x000002398191e4e0, 0x000002398191f200,
0x0000023981921960, 0x000002398346ff20, 0x000002398346f890, 0x000002398346f200,
0x000002398346eb70, 0x0000023983470c40, 0x00000239834705b0, 0x00000239834733a0,
0x0000023983471ff0, 0x0000023983474750, 0x00000239834712d0, 0x0000023983473a30,
0x0000023983472680, 0x0000023983474de0, 0x0000023983472d10, 0x0000023983471960,
0x0000023983475470, 0x0000023983475b00, 0x0000023983476190, 0x0000023982dc05f0,
0x0000023982dc1310, 0x0000023982dbde90, 0x0000023982dbff60, 0x0000023982dc19a0,
0x0000023982dbe520
}

Java Threads: ( => current thread )
  0x00000239a84d88f0 JavaThread "main"                              [_thread_blocked, id=18592, stack(0x0000005a72100000,0x0000005a72200000) (1024K)]
  0x00000239c885ede0 JavaThread "Reference Handler"          daemon [_thread_blocked, id=18420, stack(0x0000005a72900000,0x0000005a72a00000) (1024K)]
  0x00000239c88603a0 JavaThread "Finalizer"                  daemon [_thread_blocked, id=22136, stack(0x0000005a72a00000,0x0000005a72b00000) (1024K)]
  0x00000239c8864290 JavaThread "Signal Dispatcher"          daemon [_thread_blocked, id=20932, stack(0x0000005a72b00000,0x0000005a72c00000) (1024K)]
  0x00000239c8867050 JavaThread "Attach Listener"            daemon [_thread_blocked, id=24060, stack(0x0000005a72c00000,0x0000005a72d00000) (1024K)]
  0x00000239c8868e30 JavaThread "Service Thread"             daemon [_thread_blocked, id=20136, stack(0x0000005a72d00000,0x0000005a72e00000) (1024K)]
  0x00000239c8872b40 JavaThread "Monitor Deflation Thread"   daemon [_thread_blocked, id=21820, stack(0x0000005a72e00000,0x0000005a72f00000) (1024K)]
  0x00000239c889f4c0 JavaThread "JVMCI-native CompilerThread0" daemon [_thread_in_native, id=23272, stack(0x0000005a72f00000,0x0000005a73000000) (1024K)]
  0x00000239c889ff50 JavaThread "C1 CompilerThread0"         daemon [_thread_blocked, id=9768, stack(0x0000005a73000000,0x0000005a73100000) (1024K)]
  0x00000239c89360d0 JavaThread "Common-Cleaner"             daemon [_thread_blocked, id=22820, stack(0x0000005a73100000,0x0000005a73200000) (1024K)]
  0x00000239c8b1eb60 JavaThread "Notification Thread"        daemon [_thread_blocked, id=21368, stack(0x0000005a73400000,0x0000005a73500000) (1024K)]
  0x00000239816c5e10 JavaThread "Daemon health stats"               [_thread_blocked, id=664, stack(0x0000005a73e00000,0x0000005a73f00000) (1024K)]
  0x000002398178cb40 JavaThread "Incoming local TCP Connector on port 60633"        [_thread_in_native, id=2468, stack(0x0000005a73f00000,0x0000005a74000000) (1024K)]
  0x000002398179d800 JavaThread "Daemon periodic checks"            [_thread_blocked, id=17908, stack(0x0000005a74000000,0x0000005a74100000) (1024K)]
  0x00000239819212d0 JavaThread "Cache worker for journal cache (C:\Users\Administrator\.gradle\caches\journal-1)"        [_thread_blocked, id=21648, stack(0x0000005a74800000,0x0000005a74900000) (1024K)]
  0x000002398191f890 JavaThread "File lock request listener"        [_thread_in_native, id=19836, stack(0x0000005a74900000,0x0000005a74a00000) (1024K)]
  0x0000023981920c40 JavaThread "Cache worker for file hash cache (C:\Users\Administrator\.gradle\caches\8.10\fileHashes)"        [_thread_blocked, id=1844, stack(0x0000005a74a00000,0x0000005a74b00000) (1024K)]
  0x000002398191ff20 JavaThread "File watcher server"        daemon [_thread_in_native, id=21980, stack(0x0000005a74f00000,0x0000005a75000000) (1024K)]
  0x000002398191eb70 JavaThread "File watcher consumer"      daemon [_thread_blocked, id=15908, stack(0x0000005a75000000,0x0000005a75100000) (1024K)]
  0x0000023982341760 JavaThread "Cache worker for file content cache (C:\Users\Administrator\.gradle\caches\8.10\fileContent)"        [_thread_blocked, id=23128, stack(0x0000005a75200000,0x0000005a75300000) (1024K)]
  0x0000023982341df0 JavaThread "jar transforms"                    [_thread_blocked, id=7944, stack(0x0000005a75500000,0x0000005a75600000) (1024K)]
  0x0000023982340a40 JavaThread "jar transforms Thread 2"           [_thread_blocked, id=22428, stack(0x0000005a75600000,0x0000005a75700000) (1024K)]
  0x000002398233f000 JavaThread "jar transforms Thread 3"           [_thread_blocked, id=22332, stack(0x0000005a75700000,0x0000005a75800000) (1024K)]
  0x0000023982dbebb0 JavaThread "jar transforms Thread 4"           [_thread_blocked, id=24208, stack(0x0000005a75a00000,0x0000005a75b00000) (1024K)]
  0x0000023982dbf240 JavaThread "jar transforms Thread 5"           [_thread_blocked, id=5076, stack(0x0000005a75b00000,0x0000005a75c00000) (1024K)]
  0x0000023982dc0c80 JavaThread "jar transforms Thread 6"           [_thread_blocked, id=21448, stack(0x0000005a76200000,0x0000005a76300000) (1024K)]
  0x0000023982dbf8d0 JavaThread "jar transforms Thread 7"           [_thread_blocked, id=23248, stack(0x0000005a76300000,0x0000005a76400000) (1024K)]
  0x0000023983560ad0 JavaThread "Memory manager"                    [_thread_blocked, id=21380, stack(0x0000005a73200000,0x0000005a73300000) (1024K)]
  0x000002398355f090 JavaThread "jar transforms Thread 8"           [_thread_blocked, id=16600, stack(0x0000005a78600000,0x0000005a78700000) (1024K)]
  0x0000023983c60ba0 JavaThread "Exec process"               daemon [_thread_in_native, id=22228, stack(0x0000005a7a600000,0x0000005a7a700000) (1024K)]
  0x0000023983c61230 JavaThread "Exec process Thread 2"      daemon [_thread_in_native, id=10168, stack(0x0000005a7a700000,0x0000005a7a800000) (1024K)]
  0x0000023983f4a7f0 JavaThread "Cache worker for Java compile cache (C:\Users\Administrator\.gradle\caches\8.10\javaCompile)"        [_thread_blocked, id=8236, stack(0x0000005a7c200000,0x0000005a7c300000) (1024K)]
  0x0000023983fe9ca0 JavaThread "Exec process Thread 4"      daemon [_thread_in_native, id=8384, stack(0x0000005a7d000000,0x0000005a7d100000) (1024K)]
  0x0000023983fe6820 JavaThread "/127.0.0.1:60641 to /127.0.0.1:60643 workers"        [_thread_blocked, id=22804, stack(0x0000005a7cf00000,0x0000005a7d000000) (1024K)]
  0x0000023983fea330 JavaThread "/127.0.0.1:60641 to /127.0.0.1:60643 workers Thread 2"        [_thread_blocked, id=22728, stack(0x0000005a7d100000,0x0000005a7d200000) (1024K)]
  0x0000023983fea9c0 JavaThread "/127.0.0.1:60641 to /127.0.0.1:60643 workers Thread 3"        [_thread_blocked, id=23828, stack(0x0000005a7d200000,0x0000005a7d300000) (1024K)]
  0x0000023983fe7540 JavaThread "/127.0.0.1:60641 to /127.0.0.1:60643 workers Thread 4"        [_thread_blocked, id=21172, stack(0x0000005a7d300000,0x0000005a7d400000) (1024K)]
  0x0000023983fe7bd0 JavaThread "/127.0.0.1:60641 to /127.0.0.1:60643 workers Thread 5"        [_thread_in_native, id=23996, stack(0x0000005a7d400000,0x0000005a7d500000) (1024K)]
  0x0000023983c618c0 JavaThread "File lock release action executor"        [_thread_blocked, id=21668, stack(0x0000005a71e00000,0x0000005a71f00000) (1024K)]
  0x0000023983c61f50 JavaThread "Daemon Thread 2"                   [_thread_blocked, id=22064, stack(0x0000005a71f00000,0x0000005a72000000) (1024K)]
  0x0000023983c625e0 JavaThread "Handler for socket connection from /127.0.0.1:60633 to /127.0.0.1:63036"        [_thread_in_native, id=25340, stack(0x0000005a72000000,0x0000005a72100000) (1024K)]
  0x0000023983c62c70 JavaThread "Cancel handler"                    [_thread_blocked, id=24036, stack(0x0000005a73300000,0x0000005a73400000) (1024K)]
  0x0000023983c63300 JavaThread "Daemon worker Thread 2"            [_thread_blocked, id=24728, stack(0x0000005a74100000,0x0000005a74200000) (1024K)]
  0x0000023983c5fe80 JavaThread "Asynchronous log dispatcher for DefaultDaemonConnection: socket connection from /127.0.0.1:60633 to /127.0.0.1:63036"        [_thread_blocked, id=25152, stack(0x0000005a74200000,0x0000005a74300000) (1024K)]
  0x0000023983c63990 JavaThread "Stdin handler"                     [_thread_blocked, id=16032, stack(0x0000005a74300000,0x0000005a74400000) (1024K)]
  0x0000023983c60510 JavaThread "Daemon client event forwarder"        [_thread_blocked, id=24996, stack(0x0000005a74400000,0x0000005a74500000) (1024K)]
  0x0000023983c646b0 JavaThread "Cache worker for file hash cache (E:\BountifulBaubles1.20.1 Forge47.3.0\.gradle\8.10\fileHashes)"        [_thread_blocked, id=24512, stack(0x0000005a74500000,0x0000005a74600000) (1024K)]
  0x0000023983c653d0 JavaThread "Cache worker for Build Output Cleanup Cache (E:\BountifulBaubles1.20.1 Forge47.3.0\.gradle\buildOutputCleanup)"        [_thread_blocked, id=18228, stack(0x0000005a74600000,0x0000005a74700000) (1024K)]
  0x0000023983c64020 JavaThread "Cache worker for checksums cache (E:\BountifulBaubles1.20.1 Forge47.3.0\.gradle\8.10\checksums)"        [_thread_blocked, id=24628, stack(0x0000005a74700000,0x0000005a74800000) (1024K)]
  0x0000023983c65a60 JavaThread "Cache worker for cache directory md-rule (C:\Users\Administrator\.gradle\caches\8.10\md-rule)"        [_thread_blocked, id=25148, stack(0x0000005a74d00000,0x0000005a74e00000) (1024K)]
  0x0000023983c660f0 JavaThread "Cache worker for cache directory md-supplier (C:\Users\Administrator\.gradle\caches\8.10\md-supplier)"        [_thread_blocked, id=24368, stack(0x0000005a74e00000,0x0000005a74f00000) (1024K)]
  0x0000023983c66780 JavaThread "Unconstrained build operations"        [_thread_blocked, id=15656, stack(0x0000005a75100000,0x0000005a75200000) (1024K)]
  0x0000023983c66e10 JavaThread "Unconstrained build operations Thread 2"        [_thread_blocked, id=24944, stack(0x0000005a75300000,0x0000005a75400000) (1024K)]
  0x0000023983c64d40 JavaThread "Unconstrained build operations Thread 3"        [_thread_blocked, id=23404, stack(0x0000005a75400000,0x0000005a75500000) (1024K)]
  0x0000023983c674a0 JavaThread "Unconstrained build operations Thread 4"        [_thread_blocked, id=16144, stack(0x0000005a75800000,0x0000005a75900000) (1024K)]
  0x0000023983f46650 JavaThread "Unconstrained build operations Thread 5"        [_thread_blocked, id=25304, stack(0x0000005a75900000,0x0000005a75a00000) (1024K)]
  0x00000239819827b0 JavaThread "C1 CompilerThread1"         daemon [_thread_blocked, id=24864, stack(0x0000005a75c00000,0x0000005a75d00000) (1024K)]
  0x0000023983f48720 JavaThread "Unconstrained build operations Thread 6"        [_thread_blocked, id=24984, stack(0x0000005a75e00000,0x0000005a75f00000) (1024K)]
  0x0000023983f47a00 JavaThread "Unconstrained build operations Thread 7"        [_thread_blocked, id=23296, stack(0x0000005a75f00000,0x0000005a76000000) (1024K)]
  0x0000023983f48090 JavaThread "Unconstrained build operations Thread 8"        [_thread_blocked, id=11796, stack(0x0000005a76000000,0x0000005a76100000) (1024K)]
  0x0000023983f47370 JavaThread "Unconstrained build operations Thread 9"        [_thread_blocked, id=23652, stack(0x0000005a76100000,0x0000005a76200000) (1024K)]
  0x0000023983f48db0 JavaThread "Unconstrained build operations Thread 10"        [_thread_blocked, id=20620, stack(0x0000005a76400000,0x0000005a76500000) (1024K)]
  0x0000023983f49440 JavaThread "Unconstrained build operations Thread 11"        [_thread_blocked, id=25032, stack(0x0000005a76500000,0x0000005a76600000) (1024K)]
  0x0000023983f45fc0 JavaThread "Unconstrained build operations Thread 12"        [_thread_blocked, id=23676, stack(0x0000005a76600000,0x0000005a76700000) (1024K)]
  0x0000023983f49ad0 JavaThread "Unconstrained build operations Thread 13"        [_thread_blocked, id=22440, stack(0x0000005a76700000,0x0000005a76800000) (1024K)]
  0x0000023983f4b510 JavaThread "Unconstrained build operations Thread 14"        [_thread_blocked, id=19936, stack(0x0000005a76800000,0x0000005a76900000) (1024K)]
  0x0000023983f4bba0 JavaThread "Unconstrained build operations Thread 15"        [_thread_blocked, id=25380, stack(0x0000005a76900000,0x0000005a76a00000) (1024K)]
  0x0000023983f4ae80 JavaThread "Unconstrained build operations Thread 16"        [_thread_blocked, id=8448, stack(0x0000005a76a00000,0x0000005a76b00000) (1024K)]
  0x0000023983f4c230 JavaThread "Unconstrained build operations Thread 17"        [_thread_blocked, id=22656, stack(0x0000005a76b00000,0x0000005a76c00000) (1024K)]
  0x0000023983f4c8c0 JavaThread "Unconstrained build operations Thread 18"        [_thread_blocked, id=24852, stack(0x0000005a76c00000,0x0000005a76d00000) (1024K)]
  0x0000023983f4cf50 JavaThread "Unconstrained build operations Thread 19"        [_thread_blocked, id=25328, stack(0x0000005a76d00000,0x0000005a76e00000) (1024K)]
  0x0000023983f4a160 JavaThread "Unconstrained build operations Thread 20"        [_thread_blocked, id=21392, stack(0x0000005a76e00000,0x0000005a76f00000) (1024K)]
  0x0000023983f4d5e0 JavaThread "Unconstrained build operations Thread 21"        [_thread_blocked, id=11276, stack(0x0000005a76f00000,0x0000005a77000000) (1024K)]
  0x000002398355e370 JavaThread "Unconstrained build operations Thread 22"        [_thread_blocked, id=11596, stack(0x0000005a77000000,0x0000005a77100000) (1024K)]
  0x000002398355ea00 JavaThread "Unconstrained build operations Thread 23"        [_thread_blocked, id=24304, stack(0x0000005a77100000,0x0000005a77200000) (1024K)]
  0x000002398355f720 JavaThread "Unconstrained build operations Thread 24"        [_thread_blocked, id=19536, stack(0x0000005a77200000,0x0000005a77300000) (1024K)]
  0x000002398355d650 JavaThread "Unconstrained build operations Thread 25"        [_thread_blocked, id=21932, stack(0x0000005a77300000,0x0000005a77400000) (1024K)]
  0x000002398355dce0 JavaThread "Unconstrained build operations Thread 26"        [_thread_blocked, id=24212, stack(0x0000005a77400000,0x0000005a77500000) (1024K)]
  0x0000023983560440 JavaThread "Unconstrained build operations Thread 27"        [_thread_blocked, id=20960, stack(0x0000005a77500000,0x0000005a77600000) (1024K)]
  0x00000239835617f0 JavaThread "Keep-Alive-Timer"           daemon [_thread_blocked, id=23216, stack(0x0000005a77600000,0x0000005a77700000) (1024K)]
  0x0000023983563230 JavaThread "Unconstrained build operations Thread 28"        [_thread_blocked, id=16224, stack(0x0000005a75d00000,0x0000005a75e00000) (1024K)]
  0x000002398355fdb0 JavaThread "Unconstrained build operations Thread 29"        [_thread_blocked, id=21096, stack(0x0000005a77700000,0x0000005a77800000) (1024K)]
  0x00000239835645e0 JavaThread "Unconstrained build operations Thread 30"        [_thread_blocked, id=23984, stack(0x0000005a77800000,0x0000005a77900000) (1024K)]
  0x0000023983562510 JavaThread "Unconstrained build operations Thread 31"        [_thread_blocked, id=23624, stack(0x0000005a77900000,0x0000005a77a00000) (1024K)]
  0x00000239835638c0 JavaThread "Unconstrained build operations Thread 32"        [_thread_blocked, id=24312, stack(0x0000005a77a00000,0x0000005a77b00000) (1024K)]
  0x0000023983562ba0 JavaThread "Unconstrained build operations Thread 33"        [_thread_blocked, id=25516, stack(0x0000005a77b00000,0x0000005a77c00000) (1024K)]
  0x0000023983563f50 JavaThread "Unconstrained build operations Thread 34"        [_thread_blocked, id=10864, stack(0x0000005a77c00000,0x0000005a77d00000) (1024K)]
  0x0000023983564c70 JavaThread "Unconstrained build operations Thread 35"        [_thread_blocked, id=23780, stack(0x0000005a77d00000,0x0000005a77e00000) (1024K)]
  0x0000023982ba51c0 JavaThread "C1 CompilerThread2"         daemon [_thread_blocked, id=24840, stack(0x0000005a77e00000,0x0000005a77f00000) (1024K)]
  0x0000023983fe6eb0 JavaThread "Unconstrained build operations Thread 36"        [_thread_blocked, id=9968, stack(0x0000005a77f00000,0x0000005a78000000) (1024K)]
  0x0000023983fe8260 JavaThread "Unconstrained build operations Thread 37"        [_thread_blocked, id=24664, stack(0x0000005a78000000,0x0000005a78100000) (1024K)]
  0x0000023983fe88f0 JavaThread "Unconstrained build operations Thread 38"        [_thread_blocked, id=9996, stack(0x0000005a78100000,0x0000005a78200000) (1024K)]
  0x0000023983fe6190 JavaThread "Unconstrained build operations Thread 39"        [_thread_blocked, id=24544, stack(0x0000005a78200000,0x0000005a78300000) (1024K)]
  0x0000023983fe9610 JavaThread "Unconstrained build operations Thread 40"        [_thread_blocked, id=22444, stack(0x0000005a78300000,0x0000005a78400000) (1024K)]
  0x0000023983feb050 JavaThread "Unconstrained build operations Thread 41"        [_thread_blocked, id=25000, stack(0x0000005a78400000,0x0000005a78500000) (1024K)]
  0x0000023983febd70 JavaThread "Unconstrained build operations Thread 42"        [_thread_blocked, id=19208, stack(0x0000005a78500000,0x0000005a78600000) (1024K)]
  0x0000023983feb6e0 JavaThread "Unconstrained build operations Thread 43"        [_thread_blocked, id=25436, stack(0x0000005a78700000,0x0000005a78800000) (1024K)]
  0x0000023983fed120 JavaThread "Unconstrained build operations Thread 44"        [_thread_blocked, id=15672, stack(0x0000005a78800000,0x0000005a78900000) (1024K)]
  0x0000023983fec400 JavaThread "Unconstrained build operations Thread 45"        [_thread_blocked, id=2224, stack(0x0000005a78900000,0x0000005a78a00000) (1024K)]
  0x0000023983feca90 JavaThread "Unconstrained build operations Thread 46"        [_thread_blocked, id=21316, stack(0x0000005a78a00000,0x0000005a78b00000) (1024K)]
  0x0000023983fed7b0 JavaThread "Unconstrained build operations Thread 47"        [_thread_blocked, id=22912, stack(0x0000005a78b00000,0x0000005a78c00000) (1024K)]
  0x000002398233f690 JavaThread "ForkJoinPool.commonPool-worker-11" daemon [_thread_blocked, id=19372, stack(0x0000005a78c00000,0x0000005a78d00000) (1024K)]
  0x000002398233fd20 JavaThread "ForkJoinPool.commonPool-worker-12" daemon [_thread_blocked, id=22524, stack(0x0000005a78d00000,0x0000005a78e00000) (1024K)]
  0x00000239823403b0 JavaThread "ForkJoinPool.commonPool-worker-13" daemon [_thread_blocked, id=25512, stack(0x0000005a78e00000,0x0000005a78f00000) (1024K)]
  0x00000239823410d0 JavaThread "ForkJoinPool.commonPool-worker-14" daemon [_thread_blocked, id=22540, stack(0x0000005a78f00000,0x0000005a79000000) (1024K)]
  0x00000239819205b0 JavaThread "ForkJoinPool.commonPool-worker-15" daemon [_thread_blocked, id=11204, stack(0x0000005a79000000,0x0000005a79100000) (1024K)]
  0x000002398191e4e0 JavaThread "ForkJoinPool.commonPool-worker-16" daemon [_thread_blocked, id=1416, stack(0x0000005a79100000,0x0000005a79200000) (1024K)]
  0x000002398191f200 JavaThread "ForkJoinPool.commonPool-worker-17" daemon [_thread_blocked, id=22516, stack(0x0000005a79200000,0x0000005a79300000) (1024K)]
  0x0000023981921960 JavaThread "included builds"                   [_thread_blocked, id=21564, stack(0x0000005a79300000,0x0000005a79400000) (1024K)]
  0x000002398346ff20 JavaThread "Execution worker"                  [_thread_blocked, id=20516, stack(0x0000005a79400000,0x0000005a79500000) (1024K)]
  0x000002398346f890 JavaThread "Execution worker Thread 2"         [_thread_blocked, id=24652, stack(0x0000005a79500000,0x0000005a79600000) (1024K)]
  0x000002398346f200 JavaThread "Execution worker Thread 3"         [_thread_blocked, id=17260, stack(0x0000005a79600000,0x0000005a79700000) (1024K)]
  0x000002398346eb70 JavaThread "Execution worker Thread 4"         [_thread_blocked, id=25176, stack(0x0000005a79700000,0x0000005a79800000) (1024K)]
  0x0000023983470c40 JavaThread "Execution worker Thread 5"         [_thread_blocked, id=23784, stack(0x0000005a79800000,0x0000005a79900000) (1024K)]
  0x00000239834705b0 JavaThread "Execution worker Thread 6"         [_thread_blocked, id=22828, stack(0x0000005a79900000,0x0000005a79a00000) (1024K)]
  0x00000239834733a0 JavaThread "Execution worker Thread 7"         [_thread_blocked, id=23860, stack(0x0000005a79a00000,0x0000005a79b00000) (1024K)]
  0x0000023983471ff0 JavaThread "Execution worker Thread 8"         [_thread_blocked, id=21424, stack(0x0000005a79b00000,0x0000005a79c00000) (1024K)]
  0x0000023983474750 JavaThread "Execution worker Thread 9"         [_thread_blocked, id=24216, stack(0x0000005a79c00000,0x0000005a79d00000) (1024K)]
  0x00000239834712d0 JavaThread "Execution worker Thread 10"        [_thread_in_Java, id=24768, stack(0x0000005a79d00000,0x0000005a79e00000) (1024K)]
  0x0000023983473a30 JavaThread "Execution worker Thread 11"        [_thread_blocked, id=22200, stack(0x0000005a79e00000,0x0000005a79f00000) (1024K)]
  0x0000023983472680 JavaThread "Cache worker for execution history cache (E:\BountifulBaubles1.20.1 Forge47.3.0\.gradle\8.10\executionHistory)"        [_thread_blocked, id=16208, stack(0x0000005a79f00000,0x0000005a7a000000) (1024K)]
  0x0000023983474de0 JavaThread "Unconstrained build operations Thread 48"        [_thread_blocked, id=23144, stack(0x0000005a7a000000,0x0000005a7a100000) (1024K)]
  0x0000023983472d10 JavaThread "Unconstrained build operations Thread 49"        [_thread_blocked, id=14116, stack(0x0000005a7a100000,0x0000005a7a200000) (1024K)]
  0x0000023983471960 JavaThread "Unconstrained build operations Thread 50"        [_thread_blocked, id=13392, stack(0x0000005a7a200000,0x0000005a7a300000) (1024K)]
  0x0000023983475470 JavaThread "Unconstrained build operations Thread 51"        [_thread_blocked, id=15876, stack(0x0000005a7a300000,0x0000005a7a400000) (1024K)]
  0x0000023983475b00 JavaThread "Unconstrained build operations Thread 52"        [_thread_blocked, id=15396, stack(0x0000005a7a400000,0x0000005a7a500000) (1024K)]
  0x0000023983476190 JavaThread "Unconstrained build operations Thread 53"        [_thread_blocked, id=7928, stack(0x0000005a7a500000,0x0000005a7a600000) (1024K)]
  0x0000023982dc05f0 JavaThread "Unconstrained build operations Thread 54"        [_thread_blocked, id=24164, stack(0x0000005a7a800000,0x0000005a7a900000) (1024K)]
  0x0000023982dc1310 JavaThread "Unconstrained build operations Thread 55"        [_thread_blocked, id=22500, stack(0x0000005a7a900000,0x0000005a7aa00000) (1024K)]
  0x0000023982dbde90 JavaThread "Unconstrained build operations Thread 56"        [_thread_blocked, id=20028, stack(0x0000005a7aa00000,0x0000005a7ab00000) (1024K)]
  0x0000023982dbff60 JavaThread "Unconstrained build operations Thread 57"        [_thread_blocked, id=23040, stack(0x0000005a7ab00000,0x0000005a7ac00000) (1024K)]
  0x0000023982dc19a0 JavaThread "Unconstrained build operations Thread 58"        [_thread_blocked, id=23484, stack(0x0000005a7ac00000,0x0000005a7ad00000) (1024K)]
  0x0000023982dbe520 JavaThread "Unconstrained build operations Thread 59"        [_thread_blocked, id=25416, stack(0x0000005a7ad00000,0x0000005a7ae00000) (1024K)]
Total: 133

Other Threads:
  0x00000239c88436c0 VMThread "VM Thread"                           [id=23268, stack(0x0000005a72800000,0x0000005a72900000) (1024K)]
  0x00000239c88350a0 WatcherThread "VM Periodic Task Thread"        [id=24228, stack(0x0000005a72700000,0x0000005a72800000) (1024K)]
  0x00000239a852d4c0 WorkerThread "GC Thread#0"                     [id=23080, stack(0x0000005a72200000,0x0000005a72300000) (1024K)]
  0x00000239c8b92210 WorkerThread "GC Thread#1"                     [id=22168, stack(0x0000005a73500000,0x0000005a73600000) (1024K)]
  0x00000239802426e0 WorkerThread "GC Thread#2"                     [id=23288, stack(0x0000005a73600000,0x0000005a73700000) (1024K)]
  0x0000023980242a80 WorkerThread "GC Thread#3"                     [id=23528, stack(0x0000005a73700000,0x0000005a73800000) (1024K)]
  0x0000023980247630 WorkerThread "GC Thread#4"                     [id=22620, stack(0x0000005a73800000,0x0000005a73900000) (1024K)]
  0x00000239802479d0 WorkerThread "GC Thread#5"                     [id=22604, stack(0x0000005a73900000,0x0000005a73a00000) (1024K)]
  0x0000023980247d70 WorkerThread "GC Thread#6"                     [id=22484, stack(0x0000005a73a00000,0x0000005a73b00000) (1024K)]
  0x0000023980248110 WorkerThread "GC Thread#7"                     [id=20632, stack(0x0000005a73b00000,0x0000005a73c00000) (1024K)]
  0x00000239802484b0 WorkerThread "GC Thread#8"                     [id=23164, stack(0x0000005a73c00000,0x0000005a73d00000) (1024K)]
  0x0000023980258860 WorkerThread "GC Thread#9"                     [id=19928, stack(0x0000005a73d00000,0x0000005a73e00000) (1024K)]
  0x00000239a853b2b0 ConcurrentGCThread "G1 Main Marker"            [id=23028, stack(0x0000005a72300000,0x0000005a72400000) (1024K)]
  0x00000239a853c460 WorkerThread "G1 Conc#0"                       [id=23656, stack(0x0000005a72400000,0x0000005a72500000) (1024K)]
=>0x00000239807d76f0 WorkerThread "G1 Conc#1"                       [id=14068, stack(0x0000005a74b00000,0x0000005a74c00000) (1024K)]
  0x00000239807d7e30 WorkerThread "G1 Conc#2"                       [id=10824, stack(0x0000005a74c00000,0x0000005a74d00000) (1024K)]
  0x00000239c8700320 ConcurrentGCThread "G1 Refine#0"               [id=22660, stack(0x0000005a72500000,0x0000005a72600000) (1024K)]
  0x00000239c8701b50 ConcurrentGCThread "G1 Service"                [id=22556, stack(0x0000005a72600000,0x0000005a72700000) (1024K)]
Total: 18

Threads with active compile tasks:
JVMCI-native CompilerThread0   845619 15205       4       net.minecraftforge.srgutils.MappingFile::lambda$null$11 (43 bytes)
Total: 1

VM state: not at safepoint (normal execution)

VM Mutex/Monitor currently owned by a thread: None

Heap address: 0x0000000740000000, size: 3072 MB, Compressed Oops mode: Zero based, Oop shift amount: 3

CDS archive(s) mapped at: [0x00000239c9000000-0x00000239c9c90000-0x00000239c9c90000), size 13172736, SharedBaseAddress: 0x00000239c9000000, ArchiveRelocationMode: 1.
Compressed class space mapped at: 0x00000239ca000000-0x0000023a0a000000, reserved size: 1073741824
Narrow klass base: 0x00000239c9000000, Narrow klass shift: 0, Narrow klass range: 0x100000000

GC Precious Log:
 CardTable entry size: 512
 Card Set container configuration: InlinePtr #cards 4 size 8 Array Of Cards #cards 16 size 48 Howl #buckets 8 coarsen threshold 3686 Howl Bitmap #cards 512 size 80 coarsen threshold 460 Card regions per heap region 1 cards per card region 4096
 CPUs: 12 total, 12 available
 Memory: 32712M
 Large Page Support: Disabled
 NUMA Support: Disabled
 Compressed Oops: Enabled (Zero based)
 Heap Region Size: 2M
 Heap Min Capacity: 8M
 Heap Initial Capacity: 512M
 Heap Max Capacity: 3G
 Pre-touch: Disabled
 Parallel Workers: 10
 Concurrent Workers: 3
 Concurrent Refinement Workers: 10
 Periodic GC: Disabled

Heap:
 garbage-first heap   total 681984K, used 448512K [0x0000000740000000, 0x0000000800000000)
  region size 2048K, 20 young (40960K), 8 survivors (16384K)
 Metaspace       used 83583K, committed 85952K, reserved 1179648K
  class space    used 11105K, committed 12288K, reserved 1048576K

Heap Regions: E=young(eden), S=young(survivor), O=old, HS=humongous(starts), HC=humongous(continues), CS=collection set, F=free, TAMS=top-at-mark-start, PB=parsable bottom
|   0|0x0000000740000000, 0x0000000740200000, 0x0000000740200000|100%|HS|  |TAMS 0x0000000740200000| PB 0x0000000740000000| Complete 
|   1|0x0000000740200000, 0x0000000740400000, 0x0000000740400000|100%|HC|  |TAMS 0x0000000740400000| PB 0x0000000740200000| Complete 
|   2|0x0000000740400000, 0x0000000740600000, 0x0000000740600000|100%| O|  |TAMS 0x0000000740600000| PB 0x0000000740400000| Untracked 
|   3|0x0000000740600000, 0x0000000740800000, 0x0000000740800000|100%| O|  |TAMS 0x0000000740800000| PB 0x0000000740600000| Untracked 
|   4|0x0000000740800000, 0x0000000740a00000, 0x0000000740a00000|100%| O|  |TAMS 0x0000000740a00000| PB 0x0000000740800000| Untracked 
|   5|0x0000000740a00000, 0x0000000740c00000, 0x0000000740c00000|100%| O|  |TAMS 0x0000000740c00000| PB 0x0000000740a00000| Untracked 
|   6|0x0000000740c00000, 0x0000000740e00000, 0x0000000740e00000|100%| O|  |TAMS 0x0000000740e00000| PB 0x0000000740c00000| Untracked 
|   7|0x0000000740e00000, 0x0000000741000000, 0x0000000741000000|100%| O|  |TAMS 0x0000000741000000| PB 0x0000000740e00000| Untracked 
|   8|0x0000000741000000, 0x0000000741200000, 0x0000000741200000|100%| O|  |TAMS 0x0000000741200000| PB 0x0000000741000000| Untracked 
|   9|0x0000000741200000, 0x0000000741400000, 0x0000000741400000|100%| O|  |TAMS 0x0000000741400000| PB 0x0000000741200000| Untracked 
|  10|0x0000000741400000, 0x0000000741600000, 0x0000000741600000|100%| O|  |TAMS 0x0000000741600000| PB 0x0000000741400000| Untracked 
|  11|0x0000000741600000, 0x0000000741800000, 0x0000000741800000|100%| O|  |TAMS 0x0000000741800000| PB 0x0000000741600000| Untracked 
|  12|0x0000000741800000, 0x0000000741a00000, 0x0000000741a00000|100%| O|  |TAMS 0x0000000741a00000| PB 0x0000000741800000| Untracked 
|  13|0x0000000741a00000, 0x0000000741c00000, 0x0000000741c00000|100%| O|  |TAMS 0x0000000741c00000| PB 0x0000000741a00000| Untracked 
|  14|0x0000000741c00000, 0x0000000741e00000, 0x0000000741e00000|100%| O|  |TAMS 0x0000000741e00000| PB 0x0000000741c00000| Untracked 
|  15|0x0000000741e00000, 0x0000000742000000, 0x0000000742000000|100%| O|  |TAMS 0x0000000742000000| PB 0x0000000741e00000| Untracked 
|  16|0x0000000742000000, 0x0000000742200000, 0x0000000742200000|100%| O|  |TAMS 0x0000000742200000| PB 0x0000000742000000| Untracked 
|  17|0x0000000742200000, 0x0000000742400000, 0x0000000742400000|100%| O|  |TAMS 0x0000000742400000| PB 0x0000000742200000| Untracked 
|  18|0x0000000742400000, 0x0000000742600000, 0x0000000742600000|100%| O|  |TAMS 0x0000000742600000| PB 0x0000000742400000| Untracked 
|  19|0x0000000742600000, 0x0000000742800000, 0x0000000742800000|100%| O|  |TAMS 0x0000000742800000| PB 0x0000000742600000| Untracked 
|  20|0x0000000742800000, 0x0000000742a00000, 0x0000000742a00000|100%|HS|  |TAMS 0x0000000742a00000| PB 0x0000000742800000| Complete 
|  21|0x0000000742a00000, 0x0000000742c00000, 0x0000000742c00000|100%| O|  |TAMS 0x0000000742c00000| PB 0x0000000742a00000| Untracked 
|  22|0x0000000742c00000, 0x0000000742e00000, 0x0000000742e00000|100%| O|  |TAMS 0x0000000742e00000| PB 0x0000000742c00000| Untracked 
|  23|0x0000000742e00000, 0x0000000743000000, 0x0000000743000000|100%| O|  |TAMS 0x0000000743000000| PB 0x0000000742e00000| Untracked 
|  24|0x0000000743000000, 0x0000000743200000, 0x0000000743200000|100%| O|  |TAMS 0x0000000743200000| PB 0x0000000743000000| Untracked 
|  25|0x0000000743200000, 0x0000000743400000, 0x0000000743400000|100%| O|  |TAMS 0x0000000743400000| PB 0x0000000743200000| Untracked 
|  26|0x0000000743400000, 0x0000000743600000, 0x0000000743600000|100%| O|  |TAMS 0x0000000743600000| PB 0x0000000743400000| Untracked 
|  27|0x0000000743600000, 0x0000000743800000, 0x0000000743800000|100%| O|  |TAMS 0x0000000743800000| PB 0x0000000743600000| Untracked 
|  28|0x0000000743800000, 0x0000000743a00000, 0x0000000743a00000|100%| O|  |TAMS 0x0000000743a00000| PB 0x0000000743800000| Untracked 
|  29|0x0000000743a00000, 0x0000000743c00000, 0x0000000743c00000|100%| O|  |TAMS 0x0000000743c00000| PB 0x0000000743a00000| Untracked 
|  30|0x0000000743c00000, 0x0000000743e00000, 0x0000000743e00000|100%| O|  |TAMS 0x0000000743e00000| PB 0x0000000743c00000| Untracked 
|  31|0x0000000743e00000, 0x0000000744000000, 0x0000000744000000|100%| O|  |TAMS 0x0000000744000000| PB 0x0000000743e00000| Untracked 
|  32|0x0000000744000000, 0x0000000744200000, 0x0000000744200000|100%| O|  |TAMS 0x0000000744200000| PB 0x0000000744000000| Untracked 
|  33|0x0000000744200000, 0x0000000744400000, 0x0000000744400000|100%| O|  |TAMS 0x0000000744400000| PB 0x0000000744200000| Untracked 
|  34|0x0000000744400000, 0x0000000744600000, 0x0000000744600000|100%| O|  |TAMS 0x0000000744600000| PB 0x0000000744400000| Untracked 
|  35|0x0000000744600000, 0x0000000744800000, 0x0000000744800000|100%| O|  |TAMS 0x0000000744800000| PB 0x0000000744600000| Untracked 
|  36|0x0000000744800000, 0x0000000744a00000, 0x0000000744a00000|100%| O|  |TAMS 0x0000000744a00000| PB 0x0000000744800000| Untracked 
|  37|0x0000000744a00000, 0x0000000744c00000, 0x0000000744c00000|100%| O|  |TAMS 0x0000000744c00000| PB 0x0000000744a00000| Untracked 
|  38|0x0000000744c00000, 0x0000000744e00000, 0x0000000744e00000|100%| O|  |TAMS 0x0000000744e00000| PB 0x0000000744c00000| Untracked 
|  39|0x0000000744e00000, 0x0000000745000000, 0x0000000745000000|100%| O|  |TAMS 0x0000000745000000| PB 0x0000000744e00000| Untracked 
|  40|0x0000000745000000, 0x0000000745200000, 0x0000000745200000|100%| O|  |TAMS 0x0000000745200000| PB 0x0000000745000000| Untracked 
|  41|0x0000000745200000, 0x0000000745400000, 0x0000000745400000|100%| O|  |TAMS 0x0000000745400000| PB 0x0000000745200000| Untracked 
|  42|0x0000000745400000, 0x0000000745600000, 0x0000000745600000|100%| O|  |TAMS 0x0000000745600000| PB 0x0000000745400000| Untracked 
|  43|0x0000000745600000, 0x0000000745800000, 0x0000000745800000|100%| O|  |TAMS 0x0000000745800000| PB 0x0000000745600000| Untracked 
|  44|0x0000000745800000, 0x0000000745a00000, 0x0000000745a00000|100%| O|  |TAMS 0x0000000745a00000| PB 0x0000000745800000| Untracked 
|  45|0x0000000745a00000, 0x0000000745c00000, 0x0000000745c00000|100%| O|  |TAMS 0x0000000745a00000| PB 0x0000000745a00000| Untracked 
|  46|0x0000000745c00000, 0x0000000745e00000, 0x0000000745e00000|100%| O|  |TAMS 0x0000000745e00000| PB 0x0000000745c00000| Untracked 
|  47|0x0000000745e00000, 0x0000000746000000, 0x0000000746000000|100%| O|  |TAMS 0x0000000745e00000| PB 0x0000000745e00000| Untracked 
|  48|0x0000000746000000, 0x0000000746200000, 0x0000000746200000|100%| O|  |TAMS 0x0000000746200000| PB 0x0000000746000000| Untracked 
|  49|0x0000000746200000, 0x0000000746400000, 0x0000000746400000|100%| O|  |TAMS 0x0000000746400000| PB 0x0000000746200000| Untracked 
|  50|0x0000000746400000, 0x0000000746600000, 0x0000000746600000|100%| O|  |TAMS 0x0000000746400000| PB 0x0000000746400000| Untracked 
|  51|0x0000000746600000, 0x0000000746800000, 0x0000000746800000|100%| O|  |TAMS 0x0000000746600000| PB 0x0000000746600000| Untracked 
|  52|0x0000000746800000, 0x0000000746a00000, 0x0000000746a00000|100%| O|  |TAMS 0x0000000746a00000| PB 0x0000000746800000| Untracked 
|  53|0x0000000746a00000, 0x0000000746c00000, 0x0000000746c00000|100%| O|  |TAMS 0x0000000746c00000| PB 0x0000000746a00000| Untracked 
|  54|0x0000000746c00000, 0x0000000746e00000, 0x0000000746e00000|100%| O|  |TAMS 0x0000000746e00000| PB 0x0000000746c00000| Untracked 
|  55|0x0000000746e00000, 0x0000000747000000, 0x0000000747000000|100%| O|  |TAMS 0x0000000746e00000| PB 0x0000000746e00000| Untracked 
|  56|0x0000000747000000, 0x0000000747200000, 0x0000000747200000|100%| O|  |TAMS 0x0000000747200000| PB 0x0000000747000000| Untracked 
|  57|0x0000000747200000, 0x0000000747400000, 0x0000000747400000|100%| O|  |TAMS 0x0000000747200000| PB 0x0000000747200000| Untracked 
|  58|0x0000000747400000, 0x0000000747600000, 0x0000000747600000|100%| O|  |TAMS 0x0000000747400000| PB 0x0000000747400000| Untracked 
|  59|0x0000000747600000, 0x0000000747800000, 0x0000000747800000|100%| O|  |TAMS 0x0000000747800000| PB 0x0000000747600000| Untracked 
|  60|0x0000000747800000, 0x0000000747a00000, 0x0000000747a00000|100%| O|  |TAMS 0x0000000747a00000| PB 0x0000000747800000| Untracked 
|  61|0x0000000747a00000, 0x0000000747c00000, 0x0000000747c00000|100%| O|  |TAMS 0x0000000747a00000| PB 0x0000000747a00000| Untracked 
|  62|0x0000000747c00000, 0x0000000747e00000, 0x0000000747e00000|100%| O|  |TAMS 0x0000000747c00000| PB 0x0000000747c00000| Untracked 
|  63|0x0000000747e00000, 0x0000000748000000, 0x0000000748000000|100%| O|  |TAMS 0x0000000747e00000| PB 0x0000000747e00000| Untracked 
|  64|0x0000000748000000, 0x0000000748200000, 0x0000000748200000|100%| O|  |TAMS 0x0000000748000000| PB 0x0000000748000000| Untracked 
|  65|0x0000000748200000, 0x0000000748400000, 0x0000000748400000|100%| O|  |TAMS 0x0000000748200000| PB 0x0000000748200000| Untracked 
|  66|0x0000000748400000, 0x0000000748600000, 0x0000000748600000|100%| O|  |TAMS 0x0000000748400000| PB 0x0000000748400000| Untracked 
|  67|0x0000000748600000, 0x0000000748800000, 0x0000000748800000|100%| O|  |TAMS 0x0000000748600000| PB 0x0000000748600000| Untracked 
|  68|0x0000000748800000, 0x0000000748a00000, 0x0000000748a00000|100%| O|  |TAMS 0x0000000748800000| PB 0x0000000748800000| Untracked 
|  69|0x0000000748a00000, 0x0000000748c00000, 0x0000000748c00000|100%| O|  |TAMS 0x0000000748a00000| PB 0x0000000748a00000| Untracked 
|  70|0x0000000748c00000, 0x0000000748e00000, 0x0000000748e00000|100%| O|  |TAMS 0x0000000748c00000| PB 0x0000000748c00000| Untracked 
|  71|0x0000000748e00000, 0x0000000749000000, 0x0000000749000000|100%| O|  |TAMS 0x0000000748e00000| PB 0x0000000748e00000| Untracked 
|  72|0x0000000749000000, 0x0000000749000000, 0x0000000749200000|  0%| F|  |TAMS 0x0000000749000000| PB 0x0000000749000000| Untracked 
|  73|0x0000000749200000, 0x0000000749400000, 0x0000000749400000|100%| O|  |TAMS 0x0000000749400000| PB 0x0000000749200000| Untracked 
|  74|0x0000000749400000, 0x0000000749600000, 0x0000000749600000|100%| O|  |TAMS 0x0000000749600000| PB 0x0000000749400000| Untracked 
|  75|0x0000000749600000, 0x0000000749800000, 0x0000000749800000|100%| O|  |TAMS 0x0000000749800000| PB 0x0000000749600000| Untracked 
|  76|0x0000000749800000, 0x0000000749a00000, 0x0000000749a00000|100%| O|  |TAMS 0x0000000749a00000| PB 0x0000000749800000| Untracked 
|  77|0x0000000749a00000, 0x0000000749c00000, 0x0000000749c00000|100%| O|  |TAMS 0x0000000749c00000| PB 0x0000000749a00000| Untracked 
|  78|0x0000000749c00000, 0x0000000749e00000, 0x0000000749e00000|100%| O|  |TAMS 0x0000000749e00000| PB 0x0000000749c00000| Untracked 
|  79|0x0000000749e00000, 0x0000000749e00000, 0x000000074a000000|  0%| F|  |TAMS 0x0000000749e00000| PB 0x0000000749e00000| Untracked 
|  80|0x000000074a000000, 0x000000074a000000, 0x000000074a200000|  0%| F|  |TAMS 0x000000074a000000| PB 0x000000074a000000| Untracked 
|  81|0x000000074a200000, 0x000000074a400000, 0x000000074a400000|100%| O|  |TAMS 0x000000074a400000| PB 0x000000074a200000| Untracked 
|  82|0x000000074a400000, 0x000000074a600000, 0x000000074a600000|100%| O|  |TAMS 0x000000074a600000| PB 0x000000074a400000| Untracked 
|  83|0x000000074a600000, 0x000000074a800000, 0x000000074a800000|100%| O|  |TAMS 0x000000074a800000| PB 0x000000074a600000| Untracked 
|  84|0x000000074a800000, 0x000000074aa00000, 0x000000074aa00000|100%| O|  |TAMS 0x000000074aa00000| PB 0x000000074a800000| Untracked 
|  85|0x000000074aa00000, 0x000000074ac00000, 0x000000074ac00000|100%| O|  |TAMS 0x000000074ac00000| PB 0x000000074aa00000| Untracked 
|  86|0x000000074ac00000, 0x000000074ae00000, 0x000000074ae00000|100%| O|  |TAMS 0x000000074ae00000| PB 0x000000074ac00000| Untracked 
|  87|0x000000074ae00000, 0x000000074b000000, 0x000000074b000000|100%| O|  |TAMS 0x000000074b000000| PB 0x000000074ae00000| Untracked 
|  88|0x000000074b000000, 0x000000074b200000, 0x000000074b200000|100%| O|  |TAMS 0x000000074b200000| PB 0x000000074b000000| Untracked 
|  89|0x000000074b200000, 0x000000074b400000, 0x000000074b400000|100%| O|  |TAMS 0x000000074b400000| PB 0x000000074b200000| Untracked 
|  90|0x000000074b400000, 0x000000074b600000, 0x000000074b600000|100%| O|  |TAMS 0x000000074b600000| PB 0x000000074b400000| Untracked 
|  91|0x000000074b600000, 0x000000074b800000, 0x000000074b800000|100%| O|  |TAMS 0x000000074b800000| PB 0x000000074b600000| Untracked 
|  92|0x000000074b800000, 0x000000074ba00000, 0x000000074ba00000|100%| O|  |TAMS 0x000000074ba00000| PB 0x000000074b800000| Untracked 
|  93|0x000000074ba00000, 0x000000074bc00000, 0x000000074bc00000|100%| O|  |TAMS 0x000000074bc00000| PB 0x000000074ba00000| Untracked 
|  94|0x000000074bc00000, 0x000000074be00000, 0x000000074be00000|100%| O|  |TAMS 0x000000074be00000| PB 0x000000074bc00000| Untracked 
|  95|0x000000074be00000, 0x000000074c000000, 0x000000074c000000|100%| O|  |TAMS 0x000000074c000000| PB 0x000000074be00000| Untracked 
|  96|0x000000074c000000, 0x000000074c200000, 0x000000074c200000|100%| O|  |TAMS 0x000000074c200000| PB 0x000000074c000000| Untracked 
|  97|0x000000074c200000, 0x000000074c400000, 0x000000074c400000|100%| O|  |TAMS 0x000000074c400000| PB 0x000000074c200000| Untracked 
|  98|0x000000074c400000, 0x000000074c600000, 0x000000074c600000|100%| O|  |TAMS 0x000000074c600000| PB 0x000000074c400000| Untracked 
|  99|0x000000074c600000, 0x000000074c800000, 0x000000074c800000|100%| O|  |TAMS 0x000000074c800000| PB 0x000000074c600000| Untracked 
| 100|0x000000074c800000, 0x000000074ca00000, 0x000000074ca00000|100%| O|  |TAMS 0x000000074ca00000| PB 0x000000074c800000| Untracked 
| 101|0x000000074ca00000, 0x000000074ca00000, 0x000000074cc00000|  0%| F|  |TAMS 0x000000074ca00000| PB 0x000000074ca00000| Untracked 
| 102|0x000000074cc00000, 0x000000074ce00000, 0x000000074ce00000|100%| O|  |TAMS 0x000000074ce00000| PB 0x000000074cc00000| Untracked 
| 103|0x000000074ce00000, 0x000000074ce00000, 0x000000074d000000|  0%| F|  |TAMS 0x000000074ce00000| PB 0x000000074ce00000| Untracked 
| 104|0x000000074d000000, 0x000000074d000000, 0x000000074d200000|  0%| F|  |TAMS 0x000000074d000000| PB 0x000000074d000000| Untracked 
| 105|0x000000074d200000, 0x000000074d400000, 0x000000074d400000|100%| O|  |TAMS 0x000000074d400000| PB 0x000000074d200000| Untracked 
| 106|0x000000074d400000, 0x000000074d600000, 0x000000074d600000|100%| O|  |TAMS 0x000000074d600000| PB 0x000000074d400000| Untracked 
| 107|0x000000074d600000, 0x000000074d800000, 0x000000074d800000|100%| O|  |TAMS 0x000000074d800000| PB 0x000000074d600000| Untracked 
| 108|0x000000074d800000, 0x000000074da00000, 0x000000074da00000|100%| O|  |TAMS 0x000000074da00000| PB 0x000000074d800000| Untracked 
| 109|0x000000074da00000, 0x000000074dc00000, 0x000000074dc00000|100%| O|  |TAMS 0x000000074dc00000| PB 0x000000074da00000| Untracked 
| 110|0x000000074dc00000, 0x000000074de00000, 0x000000074de00000|100%| O|  |TAMS 0x000000074de00000| PB 0x000000074dc00000| Untracked 
| 111|0x000000074de00000, 0x000000074e000000, 0x000000074e000000|100%| O|  |TAMS 0x000000074e000000| PB 0x000000074de00000| Untracked 
| 112|0x000000074e000000, 0x000000074e200000, 0x000000074e200000|100%| O|  |TAMS 0x000000074e200000| PB 0x000000074e000000| Untracked 
| 113|0x000000074e200000, 0x000000074e400000, 0x000000074e400000|100%| O|  |TAMS 0x000000074e400000| PB 0x000000074e200000| Untracked 
| 114|0x000000074e400000, 0x000000074e600000, 0x000000074e600000|100%| O|  |TAMS 0x000000074e600000| PB 0x000000074e400000| Untracked 
| 115|0x000000074e600000, 0x000000074e800000, 0x000000074e800000|100%| O|  |TAMS 0x000000074e800000| PB 0x000000074e600000| Untracked 
| 116|0x000000074e800000, 0x000000074ea00000, 0x000000074ea00000|100%| O|  |TAMS 0x000000074ea00000| PB 0x000000074e800000| Untracked 
| 117|0x000000074ea00000, 0x000000074ec00000, 0x000000074ec00000|100%| O|  |TAMS 0x000000074ec00000| PB 0x000000074ea00000| Untracked 
| 118|0x000000074ec00000, 0x000000074ee00000, 0x000000074ee00000|100%| O|  |TAMS 0x000000074ee00000| PB 0x000000074ec00000| Untracked 
| 119|0x000000074ee00000, 0x000000074f000000, 0x000000074f000000|100%| O|  |TAMS 0x000000074f000000| PB 0x000000074ee00000| Untracked 
| 120|0x000000074f000000, 0x000000074f200000, 0x000000074f200000|100%| O|  |TAMS 0x000000074f200000| PB 0x000000074f000000| Untracked 
| 121|0x000000074f200000, 0x000000074f400000, 0x000000074f400000|100%| O|  |TAMS 0x000000074f400000| PB 0x000000074f200000| Untracked 
| 122|0x000000074f400000, 0x000000074f600000, 0x000000074f600000|100%| O|  |TAMS 0x000000074f600000| PB 0x000000074f400000| Untracked 
| 123|0x000000074f600000, 0x000000074f800000, 0x000000074f800000|100%| O|  |TAMS 0x000000074f800000| PB 0x000000074f600000| Untracked 
| 124|0x000000074f800000, 0x000000074fa00000, 0x000000074fa00000|100%| O|  |TAMS 0x000000074fa00000| PB 0x000000074f800000| Untracked 
| 125|0x000000074fa00000, 0x000000074fc00000, 0x000000074fc00000|100%| O|  |TAMS 0x000000074fc00000| PB 0x000000074fa00000| Untracked 
| 126|0x000000074fc00000, 0x000000074fe00000, 0x000000074fe00000|100%| O|  |TAMS 0x000000074fe00000| PB 0x000000074fc00000| Untracked 
| 127|0x000000074fe00000, 0x0000000750000000, 0x0000000750000000|100%| O|  |TAMS 0x0000000750000000| PB 0x000000074fe00000| Untracked 
| 128|0x0000000750000000, 0x0000000750200000, 0x0000000750200000|100%| O|  |TAMS 0x0000000750200000| PB 0x0000000750000000| Untracked 
| 129|0x0000000750200000, 0x0000000750400000, 0x0000000750400000|100%| O|  |TAMS 0x0000000750400000| PB 0x0000000750200000| Untracked 
| 130|0x0000000750400000, 0x0000000750400000, 0x0000000750600000|  0%| F|  |TAMS 0x0000000750400000| PB 0x0000000750400000| Untracked 
| 131|0x0000000750600000, 0x0000000750600000, 0x0000000750800000|  0%| F|  |TAMS 0x0000000750600000| PB 0x0000000750600000| Untracked 
| 132|0x0000000750800000, 0x0000000750800000, 0x0000000750a00000|  0%| F|  |TAMS 0x0000000750800000| PB 0x0000000750800000| Untracked 
| 133|0x0000000750a00000, 0x0000000750a00000, 0x0000000750c00000|  0%| F|  |TAMS 0x0000000750a00000| PB 0x0000000750a00000| Untracked 
| 134|0x0000000750c00000, 0x0000000750c00000, 0x0000000750e00000|  0%| F|  |TAMS 0x0000000750c00000| PB 0x0000000750c00000| Untracked 
| 135|0x0000000750e00000, 0x0000000750e00000, 0x0000000751000000|  0%| F|  |TAMS 0x0000000750e00000| PB 0x0000000750e00000| Untracked 
| 136|0x0000000751000000, 0x0000000751200000, 0x0000000751200000|100%| O|  |TAMS 0x0000000751200000| PB 0x0000000751000000| Untracked 
| 137|0x0000000751200000, 0x0000000751400000, 0x0000000751400000|100%| O|  |TAMS 0x0000000751300000| PB 0x0000000751200000| Untracked 
| 138|0x0000000751400000, 0x0000000751400000, 0x0000000751600000|  0%| F|  |TAMS 0x0000000751400000| PB 0x0000000751400000| Untracked 
| 139|0x0000000751600000, 0x0000000751800000, 0x0000000751800000|100%| O|  |TAMS 0x0000000751800000| PB 0x0000000751600000| Untracked 
| 140|0x0000000751800000, 0x0000000751800000, 0x0000000751a00000|  0%| F|  |TAMS 0x0000000751800000| PB 0x0000000751800000| Untracked 
| 141|0x0000000751a00000, 0x0000000751a00000, 0x0000000751c00000|  0%| F|  |TAMS 0x0000000751a00000| PB 0x0000000751a00000| Untracked 
| 142|0x0000000751c00000, 0x0000000751e00000, 0x0000000751e00000|100%| O|  |TAMS 0x0000000751e00000| PB 0x0000000751c00000| Untracked 
| 143|0x0000000751e00000, 0x0000000751e00000, 0x0000000752000000|  0%| F|  |TAMS 0x0000000751e00000| PB 0x0000000751e00000| Untracked 
| 144|0x0000000752000000, 0x0000000752000000, 0x0000000752200000|  0%| F|  |TAMS 0x0000000752000000| PB 0x0000000752000000| Untracked 
| 145|0x0000000752200000, 0x0000000752200000, 0x0000000752400000|  0%| F|  |TAMS 0x0000000752200000| PB 0x0000000752200000| Untracked 
| 146|0x0000000752400000, 0x0000000752400000, 0x0000000752600000|  0%| F|  |TAMS 0x0000000752400000| PB 0x0000000752400000| Untracked 
| 147|0x0000000752600000, 0x0000000752600000, 0x0000000752800000|  0%| F|  |TAMS 0x0000000752600000| PB 0x0000000752600000| Untracked 
| 148|0x0000000752800000, 0x0000000752800000, 0x0000000752a00000|  0%| F|  |TAMS 0x0000000752800000| PB 0x0000000752800000| Untracked 
| 149|0x0000000752a00000, 0x0000000752a00000, 0x0000000752c00000|  0%| F|  |TAMS 0x0000000752a00000| PB 0x0000000752a00000| Untracked 
| 150|0x0000000752c00000, 0x0000000752c00000, 0x0000000752e00000|  0%| F|  |TAMS 0x0000000752c00000| PB 0x0000000752c00000| Untracked 
| 151|0x0000000752e00000, 0x0000000752e00000, 0x0000000753000000|  0%| F|  |TAMS 0x0000000752e00000| PB 0x0000000752e00000| Untracked 
| 152|0x0000000753000000, 0x0000000753000000, 0x0000000753200000|  0%| F|  |TAMS 0x0000000753000000| PB 0x0000000753000000| Untracked 
| 153|0x0000000753200000, 0x0000000753200000, 0x0000000753400000|  0%| F|  |TAMS 0x0000000753200000| PB 0x0000000753200000| Untracked 
| 154|0x0000000753400000, 0x0000000753400000, 0x0000000753600000|  0%| F|  |TAMS 0x0000000753400000| PB 0x0000000753400000| Untracked 
| 155|0x0000000753600000, 0x0000000753600000, 0x0000000753800000|  0%| F|  |TAMS 0x0000000753600000| PB 0x0000000753600000| Untracked 
| 156|0x0000000753800000, 0x0000000753800000, 0x0000000753a00000|  0%| F|  |TAMS 0x0000000753800000| PB 0x0000000753800000| Untracked 
| 157|0x0000000753a00000, 0x0000000753a00000, 0x0000000753c00000|  0%| F|  |TAMS 0x0000000753a00000| PB 0x0000000753a00000| Untracked 
| 158|0x0000000753c00000, 0x0000000753c00000, 0x0000000753e00000|  0%| F|  |TAMS 0x0000000753c00000| PB 0x0000000753c00000| Untracked 
| 159|0x0000000753e00000, 0x0000000753e00000, 0x0000000754000000|  0%| F|  |TAMS 0x0000000753e00000| PB 0x0000000753e00000| Untracked 
| 160|0x0000000754000000, 0x0000000754000000, 0x0000000754200000|  0%| F|  |TAMS 0x0000000754000000| PB 0x0000000754000000| Untracked 
| 161|0x0000000754200000, 0x0000000754200000, 0x0000000754400000|  0%| F|  |TAMS 0x0000000754200000| PB 0x0000000754200000| Untracked 
| 162|0x0000000754400000, 0x0000000754400000, 0x0000000754600000|  0%| F|  |TAMS 0x0000000754400000| PB 0x0000000754400000| Untracked 
| 163|0x0000000754600000, 0x0000000754600000, 0x0000000754800000|  0%| F|  |TAMS 0x0000000754600000| PB 0x0000000754600000| Untracked 
| 164|0x0000000754800000, 0x0000000754800000, 0x0000000754a00000|  0%| F|  |TAMS 0x0000000754800000| PB 0x0000000754800000| Untracked 
| 165|0x0000000754a00000, 0x0000000754a00000, 0x0000000754c00000|  0%| F|  |TAMS 0x0000000754a00000| PB 0x0000000754a00000| Untracked 
| 166|0x0000000754c00000, 0x0000000754c00000, 0x0000000754e00000|  0%| F|  |TAMS 0x0000000754c00000| PB 0x0000000754c00000| Untracked 
| 167|0x0000000754e00000, 0x0000000754e00000, 0x0000000755000000|  0%| F|  |TAMS 0x0000000754e00000| PB 0x0000000754e00000| Untracked 
| 168|0x0000000755000000, 0x0000000755000000, 0x0000000755200000|  0%| F|  |TAMS 0x0000000755000000| PB 0x0000000755000000| Untracked 
| 169|0x0000000755200000, 0x0000000755200000, 0x0000000755400000|  0%| F|  |TAMS 0x0000000755200000| PB 0x0000000755200000| Untracked 
| 170|0x0000000755400000, 0x0000000755400000, 0x0000000755600000|  0%| F|  |TAMS 0x0000000755400000| PB 0x0000000755400000| Untracked 
| 171|0x0000000755600000, 0x0000000755600000, 0x0000000755800000|  0%| F|  |TAMS 0x0000000755600000| PB 0x0000000755600000| Untracked 
| 172|0x0000000755800000, 0x0000000755800000, 0x0000000755a00000|  0%| F|  |TAMS 0x0000000755800000| PB 0x0000000755800000| Untracked 
| 173|0x0000000755a00000, 0x0000000755a00000, 0x0000000755c00000|  0%| F|  |TAMS 0x0000000755a00000| PB 0x0000000755a00000| Untracked 
| 174|0x0000000755c00000, 0x0000000755c00000, 0x0000000755e00000|  0%| F|  |TAMS 0x0000000755c00000| PB 0x0000000755c00000| Untracked 
| 175|0x0000000755e00000, 0x0000000755e00000, 0x0000000756000000|  0%| F|  |TAMS 0x0000000755e00000| PB 0x0000000755e00000| Untracked 
| 176|0x0000000756000000, 0x0000000756200000, 0x0000000756200000|100%| O|  |TAMS 0x0000000756200000| PB 0x0000000756000000| Untracked 
| 177|0x0000000756200000, 0x0000000756400000, 0x0000000756400000|100%| O|  |TAMS 0x0000000756400000| PB 0x0000000756200000| Untracked 
| 178|0x0000000756400000, 0x0000000756600000, 0x0000000756600000|100%| O|  |TAMS 0x0000000756600000| PB 0x0000000756400000| Untracked 
| 179|0x0000000756600000, 0x0000000756800000, 0x0000000756800000|100%| O|  |TAMS 0x0000000756800000| PB 0x0000000756600000| Untracked 
| 180|0x0000000756800000, 0x0000000756a00000, 0x0000000756a00000|100%| O|  |TAMS 0x0000000756a00000| PB 0x0000000756800000| Untracked 
| 181|0x0000000756a00000, 0x0000000756c00000, 0x0000000756c00000|100%| O|  |TAMS 0x0000000756c00000| PB 0x0000000756a00000| Untracked 
| 182|0x0000000756c00000, 0x0000000756e00000, 0x0000000756e00000|100%| O|  |TAMS 0x0000000756e00000| PB 0x0000000756c00000| Untracked 
| 183|0x0000000756e00000, 0x0000000757000000, 0x0000000757000000|100%| O|  |TAMS 0x0000000757000000| PB 0x0000000756e00000| Untracked 
| 184|0x0000000757000000, 0x0000000757200000, 0x0000000757200000|100%| O|  |TAMS 0x0000000757200000| PB 0x0000000757000000| Untracked 
| 185|0x0000000757200000, 0x0000000757400000, 0x0000000757400000|100%| O|  |TAMS 0x0000000757400000| PB 0x0000000757200000| Untracked 
| 186|0x0000000757400000, 0x0000000757600000, 0x0000000757600000|100%| O|  |TAMS 0x0000000757600000| PB 0x0000000757400000| Untracked 
| 187|0x0000000757600000, 0x0000000757800000, 0x0000000757800000|100%| O|  |TAMS 0x0000000757800000| PB 0x0000000757600000| Untracked 
| 188|0x0000000757800000, 0x0000000757a00000, 0x0000000757a00000|100%| O|  |TAMS 0x0000000757a00000| PB 0x0000000757800000| Untracked 
| 189|0x0000000757a00000, 0x0000000757c00000, 0x0000000757c00000|100%| O|  |TAMS 0x0000000757c00000| PB 0x0000000757a00000| Untracked 
| 190|0x0000000757c00000, 0x0000000757e00000, 0x0000000757e00000|100%| O|  |TAMS 0x0000000757e00000| PB 0x0000000757c00000| Untracked 
| 191|0x0000000757e00000, 0x0000000758000000, 0x0000000758000000|100%| O|  |TAMS 0x0000000758000000| PB 0x0000000757e00000| Untracked 
| 192|0x0000000758000000, 0x0000000758200000, 0x0000000758200000|100%| O|  |TAMS 0x0000000758200000| PB 0x0000000758000000| Untracked 
| 193|0x0000000758200000, 0x0000000758400000, 0x0000000758400000|100%| O|  |TAMS 0x0000000758400000| PB 0x0000000758200000| Untracked 
| 194|0x0000000758400000, 0x0000000758600000, 0x0000000758600000|100%| O|  |TAMS 0x0000000758600000| PB 0x0000000758400000| Untracked 
| 195|0x0000000758600000, 0x0000000758800000, 0x0000000758800000|100%| O|  |TAMS 0x0000000758800000| PB 0x0000000758600000| Untracked 
| 196|0x0000000758800000, 0x0000000758a00000, 0x0000000758a00000|100%| O|  |TAMS 0x0000000758a00000| PB 0x0000000758800000| Untracked 
| 197|0x0000000758a00000, 0x0000000758c00000, 0x0000000758c00000|100%| O|  |TAMS 0x0000000758c00000| PB 0x0000000758a00000| Untracked 
| 198|0x0000000758c00000, 0x0000000758e00000, 0x0000000758e00000|100%| O|  |TAMS 0x0000000758e00000| PB 0x0000000758c00000| Untracked 
| 199|0x0000000758e00000, 0x0000000759000000, 0x0000000759000000|100%| O|  |TAMS 0x0000000759000000| PB 0x0000000758e00000| Untracked 
| 200|0x0000000759000000, 0x0000000759200000, 0x0000000759200000|100%| O|  |TAMS 0x0000000759200000| PB 0x0000000759000000| Untracked 
| 201|0x0000000759200000, 0x0000000759200000, 0x0000000759400000|  0%| F|  |TAMS 0x0000000759200000| PB 0x0000000759200000| Untracked 
| 202|0x0000000759400000, 0x0000000759400000, 0x0000000759600000|  0%| F|  |TAMS 0x0000000759400000| PB 0x0000000759400000| Untracked 
| 203|0x0000000759600000, 0x0000000759600000, 0x0000000759800000|  0%| F|  |TAMS 0x0000000759600000| PB 0x0000000759600000| Untracked 
| 204|0x0000000759800000, 0x0000000759800000, 0x0000000759a00000|  0%| F|  |TAMS 0x0000000759800000| PB 0x0000000759800000| Untracked 
| 205|0x0000000759a00000, 0x0000000759a00000, 0x0000000759c00000|  0%| F|  |TAMS 0x0000000759a00000| PB 0x0000000759a00000| Untracked 
| 206|0x0000000759c00000, 0x0000000759c00000, 0x0000000759e00000|  0%| F|  |TAMS 0x0000000759c00000| PB 0x0000000759c00000| Untracked 
| 207|0x0000000759e00000, 0x0000000759e00000, 0x000000075a000000|  0%| F|  |TAMS 0x0000000759e00000| PB 0x0000000759e00000| Untracked 
| 208|0x000000075a000000, 0x000000075a000000, 0x000000075a200000|  0%| F|  |TAMS 0x000000075a000000| PB 0x000000075a000000| Untracked 
| 209|0x000000075a200000, 0x000000075a200000, 0x000000075a400000|  0%| F|  |TAMS 0x000000075a200000| PB 0x000000075a200000| Untracked 
| 210|0x000000075a400000, 0x000000075a400000, 0x000000075a600000|  0%| F|  |TAMS 0x000000075a400000| PB 0x000000075a400000| Untracked 
| 211|0x000000075a600000, 0x000000075a600000, 0x000000075a800000|  0%| F|  |TAMS 0x000000075a600000| PB 0x000000075a600000| Untracked 
| 212|0x000000075a800000, 0x000000075a800000, 0x000000075aa00000|  0%| F|  |TAMS 0x000000075a800000| PB 0x000000075a800000| Untracked 
| 213|0x000000075aa00000, 0x000000075aa00000, 0x000000075ac00000|  0%| F|  |TAMS 0x000000075aa00000| PB 0x000000075aa00000| Untracked 
| 214|0x000000075ac00000, 0x000000075ac00000, 0x000000075ae00000|  0%| F|  |TAMS 0x000000075ac00000| PB 0x000000075ac00000| Untracked 
| 215|0x000000075ae00000, 0x000000075ae00000, 0x000000075b000000|  0%| F|  |TAMS 0x000000075ae00000| PB 0x000000075ae00000| Untracked 
| 216|0x000000075b000000, 0x000000075b200000, 0x000000075b200000|100%| O|  |TAMS 0x000000075b200000| PB 0x000000075b000000| Untracked 
| 217|0x000000075b200000, 0x000000075b400000, 0x000000075b400000|100%| O|  |TAMS 0x000000075b400000| PB 0x000000075b200000| Untracked 
| 218|0x000000075b400000, 0x000000075b600000, 0x000000075b600000|100%| O|  |TAMS 0x000000075b600000| PB 0x000000075b400000| Untracked 
| 219|0x000000075b600000, 0x000000075b800000, 0x000000075b800000|100%| O|  |TAMS 0x000000075b800000| PB 0x000000075b600000| Untracked 
| 220|0x000000075b800000, 0x000000075b800000, 0x000000075ba00000|  0%| F|  |TAMS 0x000000075b800000| PB 0x000000075b800000| Untracked 
| 221|0x000000075ba00000, 0x000000075ba00000, 0x000000075bc00000|  0%| F|  |TAMS 0x000000075ba00000| PB 0x000000075ba00000| Untracked 
| 222|0x000000075bc00000, 0x000000075bc00000, 0x000000075be00000|  0%| F|  |TAMS 0x000000075bc00000| PB 0x000000075bc00000| Untracked 
| 223|0x000000075be00000, 0x000000075be00000, 0x000000075c000000|  0%| F|  |TAMS 0x000000075be00000| PB 0x000000075be00000| Untracked 
| 224|0x000000075c000000, 0x000000075c000000, 0x000000075c200000|  0%| F|  |TAMS 0x000000075c000000| PB 0x000000075c000000| Untracked 
| 225|0x000000075c200000, 0x000000075c200000, 0x000000075c400000|  0%| F|  |TAMS 0x000000075c200000| PB 0x000000075c200000| Untracked 
| 226|0x000000075c400000, 0x000000075c400000, 0x000000075c600000|  0%| F|  |TAMS 0x000000075c400000| PB 0x000000075c400000| Untracked 
| 227|0x000000075c600000, 0x000000075c600000, 0x000000075c800000|  0%| F|  |TAMS 0x000000075c600000| PB 0x000000075c600000| Untracked 
| 228|0x000000075c800000, 0x000000075c800000, 0x000000075ca00000|  0%| F|  |TAMS 0x000000075c800000| PB 0x000000075c800000| Untracked 
| 229|0x000000075ca00000, 0x000000075cc00000, 0x000000075cc00000|100%| S|CS|TAMS 0x000000075ca00000| PB 0x000000075ca00000| Complete 
| 230|0x000000075cc00000, 0x000000075ce00000, 0x000000075ce00000|100%| S|CS|TAMS 0x000000075cc00000| PB 0x000000075cc00000| Complete 
| 231|0x000000075ce00000, 0x000000075d000000, 0x000000075d000000|100%| S|CS|TAMS 0x000000075ce00000| PB 0x000000075ce00000| Complete 
| 232|0x000000075d000000, 0x000000075d200000, 0x000000075d200000|100%| S|CS|TAMS 0x000000075d000000| PB 0x000000075d000000| Complete 
| 233|0x000000075d200000, 0x000000075d400000, 0x000000075d400000|100%| S|CS|TAMS 0x000000075d200000| PB 0x000000075d200000| Complete 
| 234|0x000000075d400000, 0x000000075d600000, 0x000000075d600000|100%| S|CS|TAMS 0x000000075d400000| PB 0x000000075d400000| Complete 
| 235|0x000000075d600000, 0x000000075d800000, 0x000000075d800000|100%| S|CS|TAMS 0x000000075d600000| PB 0x000000075d600000| Complete 
| 236|0x000000075d800000, 0x000000075da00000, 0x000000075da00000|100%| S|CS|TAMS 0x000000075d800000| PB 0x000000075d800000| Complete 
| 237|0x000000075da00000, 0x000000075da00000, 0x000000075dc00000|  0%| F|  |TAMS 0x000000075da00000| PB 0x000000075da00000| Untracked 
| 238|0x000000075dc00000, 0x000000075dc00000, 0x000000075de00000|  0%| F|  |TAMS 0x000000075dc00000| PB 0x000000075dc00000| Untracked 
| 239|0x000000075de00000, 0x000000075de00000, 0x000000075e000000|  0%| F|  |TAMS 0x000000075de00000| PB 0x000000075de00000| Untracked 
| 240|0x000000075e000000, 0x000000075e000000, 0x000000075e200000|  0%| F|  |TAMS 0x000000075e000000| PB 0x000000075e000000| Untracked 
| 241|0x000000075e200000, 0x000000075e200000, 0x000000075e400000|  0%| F|  |TAMS 0x000000075e200000| PB 0x000000075e200000| Untracked 
| 242|0x000000075e400000, 0x000000075e400000, 0x000000075e600000|  0%| F|  |TAMS 0x000000075e400000| PB 0x000000075e400000| Untracked 
| 243|0x000000075e600000, 0x000000075e600000, 0x000000075e800000|  0%| F|  |TAMS 0x000000075e600000| PB 0x000000075e600000| Untracked 
| 244|0x000000075e800000, 0x000000075e800000, 0x000000075ea00000|  0%| F|  |TAMS 0x000000075e800000| PB 0x000000075e800000| Untracked 
| 245|0x000000075ea00000, 0x000000075ea00000, 0x000000075ec00000|  0%| F|  |TAMS 0x000000075ea00000| PB 0x000000075ea00000| Untracked 
| 246|0x000000075ec00000, 0x000000075ec00000, 0x000000075ee00000|  0%| F|  |TAMS 0x000000075ec00000| PB 0x000000075ec00000| Untracked 
| 247|0x000000075ee00000, 0x000000075ee00000, 0x000000075f000000|  0%| F|  |TAMS 0x000000075ee00000| PB 0x000000075ee00000| Untracked 
| 248|0x000000075f000000, 0x000000075f000000, 0x000000075f200000|  0%| F|  |TAMS 0x000000075f000000| PB 0x000000075f000000| Untracked 
| 249|0x000000075f200000, 0x000000075f200000, 0x000000075f400000|  0%| F|  |TAMS 0x000000075f200000| PB 0x000000075f200000| Untracked 
| 250|0x000000075f400000, 0x000000075f400000, 0x000000075f600000|  0%| F|  |TAMS 0x000000075f400000| PB 0x000000075f400000| Untracked 
| 251|0x000000075f600000, 0x000000075f600000, 0x000000075f800000|  0%| F|  |TAMS 0x000000075f600000| PB 0x000000075f600000| Untracked 
| 255|0x000000075fe00000, 0x000000075fe00000, 0x0000000760000000|  0%| F|  |TAMS 0x000000075fe00000| PB 0x000000075fe00000| Untracked 
|1456|0x00000007f6000000, 0x00000007f6200000, 0x00000007f6200000|100%| O|  |TAMS 0x00000007f6200000| PB 0x00000007f6000000| Untracked 
|1457|0x00000007f6200000, 0x00000007f6400000, 0x00000007f6400000|100%| O|  |TAMS 0x00000007f6400000| PB 0x00000007f6200000| Untracked 
|1458|0x00000007f6400000, 0x00000007f6600000, 0x00000007f6600000|100%| O|  |TAMS 0x00000007f6600000| PB 0x00000007f6400000| Untracked 
|1459|0x00000007f6600000, 0x00000007f6800000, 0x00000007f6800000|100%| O|  |TAMS 0x00000007f6800000| PB 0x00000007f6600000| Untracked 
|1460|0x00000007f6800000, 0x00000007f6a00000, 0x00000007f6a00000|100%| O|  |TAMS 0x00000007f6a00000| PB 0x00000007f6800000| Untracked 
|1461|0x00000007f6a00000, 0x00000007f6c00000, 0x00000007f6c00000|100%| O|  |TAMS 0x00000007f6c00000| PB 0x00000007f6a00000| Untracked 
|1462|0x00000007f6c00000, 0x00000007f6e00000, 0x00000007f6e00000|100%| O|  |TAMS 0x00000007f6e00000| PB 0x00000007f6c00000| Untracked 
|1463|0x00000007f6e00000, 0x00000007f7000000, 0x00000007f7000000|100%| O|  |TAMS 0x00000007f7000000| PB 0x00000007f6e00000| Untracked 
|1464|0x00000007f7000000, 0x00000007f7200000, 0x00000007f7200000|100%| O|  |TAMS 0x00000007f7200000| PB 0x00000007f7000000| Untracked 
|1465|0x00000007f7200000, 0x00000007f7400000, 0x00000007f7400000|100%| O|  |TAMS 0x00000007f7400000| PB 0x00000007f7200000| Untracked 
|1466|0x00000007f7400000, 0x00000007f7600000, 0x00000007f7600000|100%| O|  |TAMS 0x00000007f7600000| PB 0x00000007f7400000| Untracked 
|1467|0x00000007f7600000, 0x00000007f7800000, 0x00000007f7800000|100%| O|  |TAMS 0x00000007f7800000| PB 0x00000007f7600000| Untracked 
|1468|0x00000007f7800000, 0x00000007f7a00000, 0x00000007f7a00000|100%| O|  |TAMS 0x00000007f7a00000| PB 0x00000007f7800000| Untracked 
|1469|0x00000007f7a00000, 0x00000007f7c00000, 0x00000007f7c00000|100%| O|  |TAMS 0x00000007f7c00000| PB 0x00000007f7a00000| Untracked 
|1470|0x00000007f7c00000, 0x00000007f7e00000, 0x00000007f7e00000|100%| O|  |TAMS 0x00000007f7e00000| PB 0x00000007f7c00000| Untracked 
|1471|0x00000007f7e00000, 0x00000007f8000000, 0x00000007f8000000|100%| O|  |TAMS 0x00000007f8000000| PB 0x00000007f7e00000| Untracked 
|1472|0x00000007f8000000, 0x00000007f8200000, 0x00000007f8200000|100%| O|  |TAMS 0x00000007f8200000| PB 0x00000007f8000000| Untracked 
|1473|0x00000007f8200000, 0x00000007f8400000, 0x00000007f8400000|100%| O|  |TAMS 0x00000007f8400000| PB 0x00000007f8200000| Untracked 
|1474|0x00000007f8400000, 0x00000007f8600000, 0x00000007f8600000|100%| O|  |TAMS 0x00000007f8600000| PB 0x00000007f8400000| Untracked 
|1475|0x00000007f8600000, 0x00000007f8800000, 0x00000007f8800000|100%| O|  |TAMS 0x00000007f8800000| PB 0x00000007f8600000| Untracked 
|1476|0x00000007f8800000, 0x00000007f8a00000, 0x00000007f8a00000|100%| O|  |TAMS 0x00000007f8a00000| PB 0x00000007f8800000| Untracked 
|1477|0x00000007f8a00000, 0x00000007f8c00000, 0x00000007f8c00000|100%| O|  |TAMS 0x00000007f8c00000| PB 0x00000007f8a00000| Untracked 
|1478|0x00000007f8c00000, 0x00000007f8e00000, 0x00000007f8e00000|100%| O|  |TAMS 0x00000007f8e00000| PB 0x00000007f8c00000| Untracked 
|1479|0x00000007f8e00000, 0x00000007f9000000, 0x00000007f9000000|100%| O|  |TAMS 0x00000007f9000000| PB 0x00000007f8e00000| Untracked 
|1480|0x00000007f9000000, 0x00000007f9200000, 0x00000007f9200000|100%| O|  |TAMS 0x00000007f9200000| PB 0x00000007f9000000| Untracked 
|1481|0x00000007f9200000, 0x00000007f9400000, 0x00000007f9400000|100%| O|  |TAMS 0x00000007f9400000| PB 0x00000007f9200000| Untracked 
|1482|0x00000007f9400000, 0x00000007f9600000, 0x00000007f9600000|100%| O|  |TAMS 0x00000007f9600000| PB 0x00000007f9400000| Untracked 
|1483|0x00000007f9600000, 0x00000007f9800000, 0x00000007f9800000|100%| O|  |TAMS 0x00000007f9800000| PB 0x00000007f9600000| Untracked 
|1484|0x00000007f9800000, 0x00000007f9a00000, 0x00000007f9a00000|100%| O|  |TAMS 0x00000007f9a00000| PB 0x00000007f9800000| Untracked 
|1485|0x00000007f9a00000, 0x00000007f9c00000, 0x00000007f9c00000|100%| O|  |TAMS 0x00000007f9c00000| PB 0x00000007f9a00000| Untracked 
|1486|0x00000007f9c00000, 0x00000007f9e00000, 0x00000007f9e00000|100%| O|  |TAMS 0x00000007f9e00000| PB 0x00000007f9c00000| Untracked 
|1487|0x00000007f9e00000, 0x00000007fa000000, 0x00000007fa000000|100%| O|  |TAMS 0x00000007fa000000| PB 0x00000007f9e00000| Untracked 
|1488|0x00000007fa000000, 0x00000007fa200000, 0x00000007fa200000|100%| O|  |TAMS 0x00000007fa200000| PB 0x00000007fa000000| Untracked 
|1489|0x00000007fa200000, 0x00000007fa400000, 0x00000007fa400000|100%| O|  |TAMS 0x00000007fa400000| PB 0x00000007fa200000| Untracked 
|1490|0x00000007fa400000, 0x00000007fa600000, 0x00000007fa600000|100%| O|  |TAMS 0x00000007fa600000| PB 0x00000007fa400000| Untracked 
|1491|0x00000007fa600000, 0x00000007fa800000, 0x00000007fa800000|100%| O|  |TAMS 0x00000007fa800000| PB 0x00000007fa600000| Untracked 
|1492|0x00000007fa800000, 0x00000007faa00000, 0x00000007faa00000|100%| O|  |TAMS 0x00000007faa00000| PB 0x00000007fa800000| Untracked 
|1493|0x00000007faa00000, 0x00000007fac00000, 0x00000007fac00000|100%| O|  |TAMS 0x00000007fac00000| PB 0x00000007faa00000| Untracked 
|1494|0x00000007fac00000, 0x00000007fae00000, 0x00000007fae00000|100%| O|  |TAMS 0x00000007fae00000| PB 0x00000007fac00000| Untracked 
|1495|0x00000007fae00000, 0x00000007fb000000, 0x00000007fb000000|100%| O|  |TAMS 0x00000007fb000000| PB 0x00000007fae00000| Untracked 
|1496|0x00000007fb000000, 0x00000007fb200000, 0x00000007fb200000|100%| O|  |TAMS 0x00000007fb200000| PB 0x00000007fb000000| Untracked 
|1497|0x00000007fb200000, 0x00000007fb400000, 0x00000007fb400000|100%| O|  |TAMS 0x00000007fb400000| PB 0x00000007fb200000| Untracked 
|1498|0x00000007fb400000, 0x00000007fb400000, 0x00000007fb600000|  0%| F|  |TAMS 0x00000007fb400000| PB 0x00000007fb400000| Untracked 
|1499|0x00000007fb600000, 0x00000007fb600000, 0x00000007fb800000|  0%| F|  |TAMS 0x00000007fb600000| PB 0x00000007fb600000| Untracked 
|1500|0x00000007fb800000, 0x00000007fb800000, 0x00000007fba00000|  0%| F|  |TAMS 0x00000007fb800000| PB 0x00000007fb800000| Untracked 
|1501|0x00000007fba00000, 0x00000007fba00000, 0x00000007fbc00000|  0%| F|  |TAMS 0x00000007fba00000| PB 0x00000007fba00000| Untracked 
|1502|0x00000007fbc00000, 0x00000007fbc00000, 0x00000007fbe00000|  0%| F|  |TAMS 0x00000007fbc00000| PB 0x00000007fbc00000| Untracked 
|1503|0x00000007fbe00000, 0x00000007fbe00000, 0x00000007fc000000|  0%| F|  |TAMS 0x00000007fbe00000| PB 0x00000007fbe00000| Untracked 
|1504|0x00000007fc000000, 0x00000007fc000000, 0x00000007fc200000|  0%| F|  |TAMS 0x00000007fc000000| PB 0x00000007fc000000| Untracked 
|1505|0x00000007fc200000, 0x00000007fc200000, 0x00000007fc400000|  0%| F|  |TAMS 0x00000007fc200000| PB 0x00000007fc200000| Untracked 
|1506|0x00000007fc400000, 0x00000007fc400000, 0x00000007fc600000|  0%| F|  |TAMS 0x00000007fc400000| PB 0x00000007fc400000| Untracked 
|1507|0x00000007fc600000, 0x00000007fc600000, 0x00000007fc800000|  0%| F|  |TAMS 0x00000007fc600000| PB 0x00000007fc600000| Untracked 
|1508|0x00000007fc800000, 0x00000007fc800000, 0x00000007fca00000|  0%| F|  |TAMS 0x00000007fc800000| PB 0x00000007fc800000| Untracked 
|1509|0x00000007fca00000, 0x00000007fca00000, 0x00000007fcc00000|  0%| F|  |TAMS 0x00000007fca00000| PB 0x00000007fca00000| Untracked 
|1510|0x00000007fcc00000, 0x00000007fcc00000, 0x00000007fce00000|  0%| F|  |TAMS 0x00000007fcc00000| PB 0x00000007fcc00000| Untracked 
|1511|0x00000007fce00000, 0x00000007fce00000, 0x00000007fd000000|  0%| F|  |TAMS 0x00000007fce00000| PB 0x00000007fce00000| Untracked 
|1512|0x00000007fd000000, 0x00000007fd000000, 0x00000007fd200000|  0%| F|  |TAMS 0x00000007fd000000| PB 0x00000007fd000000| Untracked 
|1513|0x00000007fd200000, 0x00000007fd200000, 0x00000007fd400000|  0%| F|  |TAMS 0x00000007fd200000| PB 0x00000007fd200000| Untracked 
|1514|0x00000007fd400000, 0x00000007fd400000, 0x00000007fd600000|  0%| F|  |TAMS 0x00000007fd400000| PB 0x00000007fd400000| Untracked 
|1515|0x00000007fd600000, 0x00000007fd600000, 0x00000007fd800000|  0%| F|  |TAMS 0x00000007fd600000| PB 0x00000007fd600000| Untracked 
|1516|0x00000007fd800000, 0x00000007fd800000, 0x00000007fda00000|  0%| F|  |TAMS 0x00000007fd800000| PB 0x00000007fd800000| Untracked 
|1517|0x00000007fda00000, 0x00000007fda00000, 0x00000007fdc00000|  0%| F|  |TAMS 0x00000007fda00000| PB 0x00000007fda00000| Untracked 
|1518|0x00000007fdc00000, 0x00000007fdc00000, 0x00000007fde00000|  0%| F|  |TAMS 0x00000007fdc00000| PB 0x00000007fdc00000| Untracked 
|1519|0x00000007fde00000, 0x00000007fde00000, 0x00000007fe000000|  0%| F|  |TAMS 0x00000007fde00000| PB 0x00000007fde00000| Untracked 
|1520|0x00000007fe000000, 0x00000007fe200000, 0x00000007fe200000|100%| O|  |TAMS 0x00000007fe200000| PB 0x00000007fe000000| Untracked 
|1521|0x00000007fe200000, 0x00000007fe200000, 0x00000007fe400000|  0%| F|  |TAMS 0x00000007fe200000| PB 0x00000007fe200000| Untracked 
|1522|0x00000007fe400000, 0x00000007fe400000, 0x00000007fe600000|  0%| F|  |TAMS 0x00000007fe400000| PB 0x00000007fe400000| Untracked 
|1523|0x00000007fe600000, 0x00000007fe600000, 0x00000007fe800000|  0%| F|  |TAMS 0x00000007fe600000| PB 0x00000007fe600000| Untracked 
|1524|0x00000007fe800000, 0x00000007fe800800, 0x00000007fea00000|  0%| E|  |TAMS 0x00000007fe800000| PB 0x00000007fe800000| Complete 
|1525|0x00000007fea00000, 0x00000007fec00000, 0x00000007fec00000|100%| E|CS|TAMS 0x00000007fea00000| PB 0x00000007fea00000| Complete 
|1526|0x00000007fec00000, 0x00000007fee00000, 0x00000007fee00000|100%| E|CS|TAMS 0x00000007fec00000| PB 0x00000007fec00000| Complete 
|1527|0x00000007fee00000, 0x00000007ff000000, 0x00000007ff000000|100%| E|CS|TAMS 0x00000007fee00000| PB 0x00000007fee00000| Complete 
|1528|0x00000007ff000000, 0x00000007ff200000, 0x00000007ff200000|100%| E|CS|TAMS 0x00000007ff000000| PB 0x00000007ff000000| Complete 
|1529|0x00000007ff200000, 0x00000007ff400000, 0x00000007ff400000|100%| E|CS|TAMS 0x00000007ff200000| PB 0x00000007ff200000| Complete 
|1530|0x00000007ff400000, 0x00000007ff600000, 0x00000007ff600000|100%| E|CS|TAMS 0x00000007ff400000| PB 0x00000007ff400000| Complete 
|1531|0x00000007ff600000, 0x00000007ff800000, 0x00000007ff800000|100%| E|CS|TAMS 0x00000007ff600000| PB 0x00000007ff600000| Complete 
|1532|0x00000007ff800000, 0x00000007ffa00000, 0x00000007ffa00000|100%| E|CS|TAMS 0x00000007ff800000| PB 0x00000007ff800000| Complete 
|1533|0x00000007ffa00000, 0x00000007ffc00000, 0x00000007ffc00000|100%| E|CS|TAMS 0x00000007ffa00000| PB 0x00000007ffa00000| Complete 
|1534|0x00000007ffc00000, 0x00000007ffe00000, 0x00000007ffe00000|100%| E|CS|TAMS 0x00000007ffc00000| PB 0x00000007ffc00000| Complete 
|1535|0x00000007ffe00000, 0x0000000800000000, 0x0000000800000000|100%| E|CS|TAMS 0x00000007ffe00000| PB 0x00000007ffe00000| Complete 

Card table byte_map: [0x00000239c2510000,0x00000239c2b10000] _byte_map_base: 0x00000239beb10000

Marking Bits: (CMBitMap*) 0x00000239a852dad0
 Bits: [0x00000239c2b10000, 0x00000239c5b10000)

Polling page: 0x00000239a6c70000

Metaspace:

Usage:
  Non-class:     70.78 MB used.
      Class:     10.85 MB used.
       Both:     81.63 MB used.

Virtual space:
  Non-class space:      128.00 MB reserved,      71.94 MB ( 56%) committed,  2 nodes.
      Class space:        1.00 GB reserved,      12.00 MB (  1%) committed,  1 nodes.
             Both:        1.12 GB reserved,      83.94 MB (  7%) committed. 

Chunk freelists:
   Non-Class:  7.44 MB
       Class:  3.99 MB
        Both:  11.43 MB

MaxMetaspaceSize: unlimited
CompressedClassSpaceSize: 1.00 GB
Initial GC threshold: 21.00 MB
Current GC threshold: 138.75 MB
CDS: on
 - commit_granule_bytes: 65536.
 - commit_granule_words: 8192.
 - virtual_space_node_default_size: 8388608.
 - enlarge_chunks_in_place: 1.
 - use_allocation_guard: 0.


Internal statistics:

num_allocs_failed_limit: 15.
num_arena_births: 4010.
num_arena_deaths: 0.
num_vsnodes_births: 3.
num_vsnodes_deaths: 0.
num_space_committed: 1343.
num_space_uncommitted: 0.
num_chunks_returned_to_freelist: 15.
num_chunks_taken_from_freelist: 7926.
num_chunk_merges: 3.
num_chunk_splits: 4909.
num_chunks_enlarged: 2806.
num_inconsistent_stats: 0.

CodeHeap 'non-profiled nmethods': size=119488Kb used=6843Kb max_used=6843Kb free=112644Kb
 bounds [0x00000239b9ed0000, 0x00000239ba580000, 0x00000239c1380000]
CodeHeap 'profiled nmethods': size=119424Kb used=26226Kb max_used=26226Kb free=93198Kb
 bounds [0x00000239b2380000, 0x00000239b3d20000, 0x00000239b9820000]
CodeHeap 'non-nmethods': size=6848Kb used=4051Kb max_used=4186Kb free=2796Kb
 bounds [0x00000239b9820000, 0x00000239b9ca0000, 0x00000239b9ed0000]
 total_blobs=13596 nmethods=12628 adapters=860
 compilation: enabled
              stopped_count=0, restarted_count=0
 full_count=0

JVMCI Events (20 events):
Event: 844.543 Thread 0x00000239c889f4c0 compacted oop handles in JVMCI runtime 0 from 176 to 173
Event: 844.547 Thread 0x00000239c889f4c0 compacted oop handles in JVMCI runtime 0 from 188 to 179
Event: 845.175 Thread 0x00000239c889f4c0 compacted oop handles in JVMCI runtime 0 from 264 to 225
Event: 845.175 Thread 0x00000239c889f4c0 compacted oop handles in JVMCI runtime 0 from 226 to 134
Event: 845.191 Thread 0x00000239c889f4c0 compacted oop handles in JVMCI runtime 0 from 141 to 136
Event: 845.268 Thread 0x00000239c889f4c0 compacted oop handles in JVMCI runtime 0 from 144 to 134
Event: 845.335 Thread 0x00000239c889f4c0 compacted oop handles in JVMCI runtime 0 from 208 to 196
Event: 845.335 Thread 0x00000239c889f4c0 compacted oop handles in JVMCI runtime 0 from 197 to 161
Event: 845.351 Thread 0x00000239c889f4c0 compacted oop handles in JVMCI runtime 0 from 167 to 165
Event: 845.351 Thread 0x00000239c889f4c0 compacted oop handles in JVMCI runtime 0 from 166 to 109
Event: 845.363 Thread 0x00000239c889f4c0 compacted oop handles in JVMCI runtime 0 from 118 to 115
Event: 845.369 Thread 0x00000239c889f4c0 compacted oop handles in JVMCI runtime 0 from 157 to 150
Event: 845.398 Thread 0x00000239c889f4c0 compacted oop handles in JVMCI runtime 0 from 194 to 192
Event: 845.398 Thread 0x00000239c889f4c0 compacted oop handles in JVMCI runtime 0 from 193 to 130
Event: 845.423 Thread 0x00000239c889f4c0 compacted oop handles in JVMCI runtime 0 from 169 to 157
Event: 845.470 Thread 0x00000239c889f4c0 compacted oop handles in JVMCI runtime 0 from 215 to 205
Event: 845.470 Thread 0x00000239c889f4c0 compacted oop handles in JVMCI runtime 0 from 206 to 168
Event: 845.486 Thread 0x00000239c889f4c0 compacted oop handles in JVMCI runtime 0 from 208 to 207
Event: 845.515 Thread 0x00000239c889f4c0 compacted oop handles in JVMCI runtime 0 from 211 to 207
Event: 845.516 Thread 0x00000239c889f4c0 compacted oop handles in JVMCI runtime 0 from 209 to 170

Compilation events (20 events):
Event: 845.369 Thread 0x00000239c889f4c0 nmethod 15223 0x00000239ba563510 code [0x00000239ba5636e0, 0x00000239ba563dd0]
Event: 845.369 Thread 0x00000239c889f4c0 14905       4       net.minecraftforge.srgutils.NamedMappingFile$Cls::field (6 bytes)
Event: 845.389 Thread 0x00000239c889f4c0 nmethod 14905 0x00000239ba564190 code [0x00000239ba564740, 0x00000239ba566d60]
Event: 845.389 Thread 0x00000239c889f4c0 15224       4       java.util.regex.Pattern$StartS::match (138 bytes)
Event: 845.398 Thread 0x00000239c889f4c0 nmethod 15224 0x00000239ba567a10 code [0x00000239ba567be0, 0x00000239ba5683a0]
Event: 845.398 Thread 0x00000239c889f4c0 15207       4       net.minecraftforge.srgutils.MappingFile$$Lambda/0x00000239cabb7970::accept (20 bytes)
Event: 845.423 Thread 0x00000239c889ff50 15226       3       java.util.TimSort::ensureCapacity (77 bytes)
Event: 845.423 Thread 0x0000023982ba51c0 15227       3       java.util.TimSort::mergeAt (358 bytes)
Event: 845.423 Thread 0x00000239c889f4c0 nmethod 15207 0x00000239ba568990 code [0x00000239ba568f40, 0x00000239ba56b408]
Event: 845.423 Thread 0x00000239c889f4c0 15212       4       java.util.regex.Matcher::group (62 bytes)
Event: 845.423 Thread 0x00000239c889ff50 nmethod 15226 0x00000239b3d16c10 code [0x00000239b3d16e20, 0x00000239b3d17548]
Event: 845.423 Thread 0x0000023982ba51c0 nmethod 15227 0x00000239b3d17790 code [0x00000239b3d179c0, 0x00000239b3d17fd8]
Event: 845.470 Thread 0x00000239c889f4c0 nmethod 15212 0x00000239ba56bf90 code [0x00000239ba56c280, 0x00000239ba56e4e0]
Event: 845.470 Thread 0x00000239c889f4c0 15228       4       java.util.TimSort::countRunAndMakeAscending (128 bytes)
Event: 845.475 Thread 0x00000239c889f4c0 nmethod 15228 0x00000239ba56f310 code [0x00000239ba56f4c0, 0x00000239ba56fae0]
Event: 845.475 Thread 0x00000239c889f4c0 15216       4       net.minecraftforge.srgutils.MappingFile::remapClass (118 bytes)
Event: 845.486 Thread 0x00000239c889f4c0 nmethod 15216 0x00000239ba56fe10 code [0x00000239ba570080, 0x00000239ba570a50]
Event: 845.486 Thread 0x00000239c889f4c0 15215   !   4       java.util.regex.Matcher::appendReplacement (65 bytes)
Event: 845.515 Thread 0x00000239c889f4c0 nmethod 15215 0x00000239ba571210 code [0x00000239ba571480, 0x00000239ba573750]
Event: 845.515 Thread 0x00000239c889f4c0 15213       4       java.util.regex.Matcher::getMatchedGroupIndex (69 bytes)

GC Heap History (20 events):
Event: 7.867 GC heap before
{Heap before GC invocations=24 (full 0):
 garbage-first heap   total 405504K, used 295936K [0x0000000740000000, 0x0000000800000000)
  region size 2048K, 44 young (90112K), 4 survivors (8192K)
 Metaspace       used 78124K, committed 80384K, reserved 1179648K
  class space    used 10598K, committed 11712K, reserved 1048576K
}
Event: 7.878 GC heap after
{Heap after GC invocations=25 (full 0):
 garbage-first heap   total 405504K, used 232127K [0x0000000740000000, 0x0000000800000000)
  region size 2048K, 6 young (12288K), 6 survivors (12288K)
 Metaspace       used 78124K, committed 80384K, reserved 1179648K
  class space    used 10598K, committed 11712K, reserved 1048576K
}
Event: 11.656 GC heap before
{Heap before GC invocations=25 (full 0):
 garbage-first heap   total 405504K, used 309951K [0x0000000740000000, 0x0000000800000000)
  region size 2048K, 45 young (92160K), 6 survivors (12288K)
 Metaspace       used 81014K, committed 83328K, reserved 1179648K
  class space    used 10928K, committed 12096K, reserved 1048576K
}
Event: 11.663 GC heap after
{Heap after GC invocations=26 (full 0):
 garbage-first heap   total 405504K, used 252288K [0x0000000740000000, 0x0000000800000000)
  region size 2048K, 6 young (12288K), 6 survivors (12288K)
 Metaspace       used 81014K, committed 83328K, reserved 1179648K
  class space    used 10928K, committed 12096K, reserved 1048576K
}
Event: 11.711 GC heap before
{Heap before GC invocations=26 (full 0):
 garbage-first heap   total 405504K, used 219520K [0x0000000740000000, 0x0000000800000000)
  region size 2048K, 41 young (83968K), 6 survivors (12288K)
 Metaspace       used 81014K, committed 83328K, reserved 1179648K
  class space    used 10928K, committed 12096K, reserved 1048576K
}
Event: 11.724 GC heap after
{Heap after GC invocations=27 (full 0):
 garbage-first heap   total 581632K, used 203492K [0x0000000740000000, 0x0000000800000000)
  region size 2048K, 6 young (12288K), 6 survivors (12288K)
 Metaspace       used 81014K, committed 83328K, reserved 1179648K
  class space    used 10928K, committed 12096K, reserved 1048576K
}
Event: 11.970 GC heap before
{Heap before GC invocations=28 (full 0):
 garbage-first heap   total 581632K, used 383716K [0x0000000740000000, 0x0000000800000000)
  region size 2048K, 94 young (192512K), 6 survivors (12288K)
 Metaspace       used 81162K, committed 83456K, reserved 1179648K
  class space    used 10941K, committed 12096K, reserved 1048576K
}
Event: 12.003 GC heap after
{Heap after GC invocations=29 (full 0):
 garbage-first heap   total 581632K, used 311296K [0x0000000740000000, 0x0000000800000000)
  region size 2048K, 12 young (24576K), 12 survivors (24576K)
 Metaspace       used 81162K, committed 83456K, reserved 1179648K
  class space    used 10941K, committed 12096K, reserved 1048576K
}
Event: 13.633 GC heap before
{Heap before GC invocations=29 (full 0):
 garbage-first heap   total 581632K, used 430080K [0x0000000740000000, 0x0000000800000000)
  region size 2048K, 70 young (143360K), 12 survivors (24576K)
 Metaspace       used 81989K, committed 84352K, reserved 1179648K
  class space    used 11073K, committed 12224K, reserved 1048576K
}
Event: 13.644 GC heap after
{Heap after GC invocations=30 (full 0):
 garbage-first heap   total 581632K, used 304049K [0x0000000740000000, 0x0000000800000000)
  region size 2048K, 2 young (4096K), 2 survivors (4096K)
 Metaspace       used 81989K, committed 84352K, reserved 1179648K
  class space    used 11073K, committed 12224K, reserved 1048576K
}
Event: 843.755 GC heap before
{Heap before GC invocations=30 (full 0):
 garbage-first heap   total 581632K, used 349105K [0x0000000740000000, 0x0000000800000000)
  region size 2048K, 25 young (51200K), 2 survivors (4096K)
 Metaspace       used 82861K, committed 85248K, reserved 1179648K
  class space    used 11096K, committed 12288K, reserved 1048576K
}
Event: 843.758 GC heap after
{Heap after GC invocations=31 (full 0):
 garbage-first heap   total 581632K, used 303881K [0x0000000740000000, 0x0000000800000000)
  region size 2048K, 2 young (4096K), 2 survivors (4096K)
 Metaspace       used 82861K, committed 85248K, reserved 1179648K
  class space    used 11096K, committed 12288K, reserved 1048576K
}
Event: 844.633 GC heap before
{Heap before GC invocations=32 (full 0):
 garbage-first heap   total 581632K, used 506633K [0x0000000740000000, 0x0000000800000000)
  region size 2048K, 70 young (143360K), 2 survivors (4096K)
 Metaspace       used 83357K, committed 85760K, reserved 1179648K
  class space    used 11102K, committed 12288K, reserved 1048576K
}
Event: 844.655 GC heap after
{Heap after GC invocations=33 (full 0):
 garbage-first heap   total 598016K, used 338621K [0x0000000740000000, 0x0000000800000000)
  region size 2048K, 9 young (18432K), 9 survivors (18432K)
 Metaspace       used 83357K, committed 85760K, reserved 1179648K
  class space    used 11102K, committed 12288K, reserved 1048576K
}
Event: 845.074 GC heap before
{Heap before GC invocations=33 (full 0):
 garbage-first heap   total 598016K, used 582333K [0x0000000740000000, 0x0000000800000000)
  region size 2048K, 67 young (137216K), 9 survivors (18432K)
 Metaspace       used 83583K, committed 85952K, reserved 1179648K
  class space    used 11105K, committed 12288K, reserved 1048576K
}
Event: 845.102 GC heap after
{Heap after GC invocations=34 (full 0):
 garbage-first heap   total 681984K, used 350208K [0x0000000740000000, 0x0000000800000000)
  region size 2048K, 9 young (18432K), 9 survivors (18432K)
 Metaspace       used 83583K, committed 85952K, reserved 1179648K
  class space    used 11105K, committed 12288K, reserved 1048576K
}
Event: 845.207 GC heap before
{Heap before GC invocations=34 (full 0):
 garbage-first heap   total 681984K, used 487424K [0x0000000740000000, 0x0000000800000000)
  region size 2048K, 76 young (155648K), 9 survivors (18432K)
 Metaspace       used 83583K, committed 85952K, reserved 1179648K
  class space    used 11105K, committed 12288K, reserved 1048576K
}
Event: 845.246 GC heap after
{Heap after GC invocations=35 (full 0):
 garbage-first heap   total 681984K, used 392192K [0x0000000740000000, 0x0000000800000000)
  region size 2048K, 10 young (20480K), 10 survivors (20480K)
 Metaspace       used 83583K, committed 85952K, reserved 1179648K
  class space    used 11105K, committed 12288K, reserved 1048576K
}
Event: 845.442 GC heap before
{Heap before GC invocations=35 (full 0):
 garbage-first heap   total 681984K, used 500736K [0x0000000740000000, 0x0000000800000000)
  region size 2048K, 63 young (129024K), 10 survivors (20480K)
 Metaspace       used 83583K, committed 85952K, reserved 1179648K
  class space    used 11105K, committed 12288K, reserved 1048576K
}
Event: 845.460 GC heap after
{Heap after GC invocations=36 (full 0):
 garbage-first heap   total 681984K, used 425984K [0x0000000740000000, 0x0000000800000000)
  region size 2048K, 8 young (16384K), 8 survivors (16384K)
 Metaspace       used 83583K, committed 85952K, reserved 1179648K
  class space    used 11105K, committed 12288K, reserved 1048576K
}

Dll operation events (16 events):
Event: 0.004 Loaded shared library C:\Users\Administrator\.jdks\graalvm-jdk-21.0.6\bin\java.dll
Event: 0.025 Loaded shared library C:\Users\Administrator\.jdks\graalvm-jdk-21.0.6\bin\jsvml.dll
Event: 0.049 Loaded shared library C:\Users\Administrator\.jdks\graalvm-jdk-21.0.6\bin\zip.dll
Event: 0.051 Loaded shared library C:\Users\Administrator\.jdks\graalvm-jdk-21.0.6\bin\instrument.dll
Event: 0.053 Loaded shared library C:\Users\Administrator\.jdks\graalvm-jdk-21.0.6\bin\net.dll
Event: 0.054 Loaded shared library C:\Users\Administrator\.jdks\graalvm-jdk-21.0.6\bin\nio.dll
Event: 0.056 Loaded shared library C:\Users\Administrator\.jdks\graalvm-jdk-21.0.6\bin\zip.dll
Event: 0.057 Loaded shared library C:\Users\Administrator\.jdks\graalvm-jdk-21.0.6\bin\jvmcicompiler.dll
Event: 0.067 Loaded shared library C:\Users\Administrator\.jdks\graalvm-jdk-21.0.6\bin\jimage.dll
Event: 0.239 Loaded shared library C:\Users\Administrator\.jdks\graalvm-jdk-21.0.6\bin\verify.dll
Event: 0.300 Loaded shared library C:\Users\Administrator\.gradle\native\c067742578af261105cb4f569cf0c3c89f3d7b1fecec35dd04571415982c5e48\windows-amd64\native-platform.dll
Event: 0.303 Loaded shared library C:\Users\Administrator\.gradle\native\100fb08df4bc3b14c8652ba06237920a3bd2aa13389f12d3474272988ae205f9\windows-amd64\native-platform-file-events.dll
Event: 0.783 Loaded shared library C:\Users\Administrator\.jdks\graalvm-jdk-21.0.6\bin\management.dll
Event: 0.784 Loaded shared library C:\Users\Administrator\.jdks\graalvm-jdk-21.0.6\bin\management_ext.dll
Event: 0.882 Loaded shared library C:\Users\Administrator\.jdks\graalvm-jdk-21.0.6\bin\extnet.dll
Event: 0.936 Loaded shared library C:\Users\Administrator\.jdks\graalvm-jdk-21.0.6\bin\sunmscapi.dll

Deoptimization events (20 events):
Event: 844.552 Thread 0x000002398346ff20 DEOPT PACKING pc=0x00000239ba3d9c80 sp=0x0000005a794f8810
Event: 844.552 Thread 0x000002398346ff20 DEOPT UNPACKING pc=0x00000239b9874c43 sp=0x0000005a794f7e70 mode 3
Event: 844.877 Thread 0x000002398346ff20 Uncommon trap: trap_request=0xffffffc4 fr.pc=0x00000239ba4d2463 relative=0x0000000000000923
Event: 844.877 Thread 0x000002398346ff20 Uncommon trap: reason=bimorphic_or_optimized_type_check action=make_not_entrant pc=0x00000239ba4d2463 method=java.util.TimSort.binarySort([Ljava/lang/Object;IIILjava/util/Comparator;)V @ 184 jvmci
Event: 844.877 Thread 0x000002398346ff20 DEOPT PACKING pc=0x00000239ba4d2463 sp=0x0000005a794fc970
Event: 844.877 Thread 0x000002398346ff20 DEOPT UNPACKING pc=0x00000239b9874c43 sp=0x0000005a794fbe20 mode 3
Event: 844.880 Thread 0x000002398346ff20 Uncommon trap: trap_request=0xffffffcd fr.pc=0x00000239ba4c8a8a relative=0x000000000000044a
Event: 844.880 Thread 0x000002398346ff20 Uncommon trap: reason=intrinsic_or_type_checked_inlining action=reinterpret pc=0x00000239ba4c8a8a method=com.google.common.collect.RegularImmutableMap.get(Ljava/lang/Object;[Lcom/google/common/collect/ImmutableMapEntry;I)Ljava/lang/Object; @ 43 jvmci
Event: 844.880 Thread 0x000002398346ff20 DEOPT PACKING pc=0x00000239ba4c8a8a sp=0x0000005a794fc7b0
Event: 844.880 Thread 0x000002398346ff20 DEOPT UNPACKING pc=0x00000239b9874c43 sp=0x0000005a794fbc40 mode 3
Event: 844.881 Thread 0x000002398346ff20 Uncommon trap: trap_request=0xffffffcd fr.pc=0x00000239b9ff7c30 relative=0x0000000000000ab0
Event: 844.881 Thread 0x000002398346ff20 Uncommon trap: reason=intrinsic_or_type_checked_inlining action=reinterpret pc=0x00000239b9ff7c30 method=java.util.regex.Matcher.appendExpandedReplacement(Ljava/lang/Appendable;Ljava/lang/String;)V @ 0 jvmci
Event: 844.881 Thread 0x000002398346ff20 DEOPT PACKING pc=0x00000239b9ff7c30 sp=0x0000005a794fdbf0
Event: 844.881 Thread 0x000002398346ff20 DEOPT UNPACKING pc=0x00000239b9874c43 sp=0x0000005a794fd090 mode 3
Event: 844.903 Thread 0x00000239834712d0 Uncommon trap: trap_request=0xffffffcd fr.pc=0x00000239ba379e3d relative=0x00000000000006bd
Event: 844.903 Thread 0x00000239834712d0 Uncommon trap: reason=intrinsic_or_type_checked_inlining action=reinterpret pc=0x00000239ba379e3d method=com.google.common.collect.MapMakerInternalMap$Segment.drainKeyReferenceQueue(Ljava/lang/ref/ReferenceQueue;)V @ 6 jvmci
Event: 844.903 Thread 0x00000239834712d0 DEOPT PACKING pc=0x00000239ba379e3d sp=0x0000005a79dfb510
Event: 844.903 Thread 0x00000239834712d0 DEOPT UNPACKING pc=0x00000239b9874c43 sp=0x0000005a79dfa960 mode 3
Event: 845.035 Thread 0x00000239834712d0 DEOPT PACKING pc=0x00000239b376da2d sp=0x0000005a79dfacc0
Event: 845.035 Thread 0x00000239834712d0 DEOPT UNPACKING pc=0x00000239b9874c43 sp=0x0000005a79dfa1f8 mode 0

Classes loaded (20 events):
Event: 841.612 Loading class sun/text/resources/cldr/FormatData_en
Event: 841.612 Loading class sun/text/resources/cldr/FormatData_en done
Event: 842.032 Loading class sun/security/ssl/PreSharedKeyExtension$PskIdentity
Event: 842.032 Loading class sun/security/ssl/PreSharedKeyExtension$PskIdentity done
Event: 842.033 Loading class sun/security/ssl/PreSharedKeyExtension$CHPreSharedKeySpec
Event: 842.033 Loading class sun/security/ssl/PreSharedKeyExtension$CHPreSharedKeySpec done
Event: 842.033 Loading class sun/security/ssl/PreSharedKeyExtension$PartialClientHelloMessage
Event: 842.033 Loading class sun/security/ssl/PreSharedKeyExtension$PartialClientHelloMessage done
Event: 842.033 Loading class sun/security/ssl/SSLEngineOutputRecord
Event: 842.033 Loading class sun/security/ssl/SSLEngineOutputRecord done
Event: 842.033 Loading class sun/security/ssl/SSLEngineOutputRecord$HandshakeFragment
Event: 842.034 Loading class sun/security/ssl/SSLEngineOutputRecord$HandshakeFragment done
Event: 842.034 Loading class sun/security/ssl/SSLEngineOutputRecord$HandshakeMemo
Event: 842.034 Loading class sun/security/ssl/SSLEngineOutputRecord$RecordMemo
Event: 842.034 Loading class sun/security/ssl/SSLEngineOutputRecord$RecordMemo done
Event: 842.034 Loading class sun/security/ssl/SSLEngineOutputRecord$HandshakeMemo done
Event: 842.208 Loading class sun/security/ssl/PreSharedKeyExtension$SHPreSharedKeySpec
Event: 842.208 Loading class sun/security/ssl/PreSharedKeyExtension$SHPreSharedKeySpec done
Event: 844.053 Loading class sun/text/resources/cldr/FormatData_en_US
Event: 844.053 Loading class sun/text/resources/cldr/FormatData_en_US done

Classes unloaded (0 events):
No events

Classes redefined (0 events):
No events

Internal exceptions (20 events):
Event: 11.623 Thread 0x0000023983c63300 Exception <a 'java/lang/ClassNotFoundException'{0x0000000750692ca8}: groovy/ant/AntBuilderBeanInfo> (0x0000000750692ca8) 
thrown [s\open\src\hotspot\share\classfile\systemDictionary.cpp, line 312]
Event: 11.624 Thread 0x0000023983c63300 Exception <a 'java/lang/ClassNotFoundException'{0x00000007506a3ca0}: groovy/util/BuilderSupportBeanInfo> (0x00000007506a3ca0) 
thrown [s\open\src\hotspot\share\classfile\systemDictionary.cpp, line 312]
Event: 11.624 Thread 0x0000023983c63300 Exception <a 'java/lang/ClassNotFoundException'{0x00000007506b4ca0}: groovy/util/BuilderSupportCustomizer> (0x00000007506b4ca0) 
thrown [s\open\src\hotspot\share\classfile\systemDictionary.cpp, line 312]
Event: 11.624 Thread 0x0000023983c63300 Exception <a 'java/lang/ClassNotFoundException'{0x00000007506c82a8}: groovy/ant/AntBuilderCustomizer> (0x00000007506c82a8) 
thrown [s\open\src\hotspot\share\classfile\systemDictionary.cpp, line 312]
Event: 11.625 Thread 0x0000023983c63300 Exception <a 'java/lang/ClassNotFoundException'{0x00000007506dded8}: org/gradle/api/AntBuilderCustomizer> (0x00000007506dded8) 
thrown [s\open\src\hotspot\share\classfile\systemDictionary.cpp, line 312]
Event: 11.625 Thread 0x0000023983c63300 Exception <a 'java/lang/ClassNotFoundException'{0x00000007506fc7e8}: org/gradle/api/internal/project/ant/BasicAntBuilderCustomizer> (0x00000007506fc7e8) 
thrown [s\open\src\hotspot\share\classfile\systemDictionary.cpp, line 312]
Event: 11.626 Thread 0x0000023983c63300 Exception <a 'java/lang/ClassNotFoundException'{0x00000007507208e0}: org/gradle/api/internal/project/DefaultAntBuilderCustomizer> (0x00000007507208e0) 
thrown [s\open\src\hotspot\share\classfile\systemDictionary.cpp, line 312]
Event: 11.834 Thread 0x0000023983c64020 Exception <a 'java/lang/NoSuchMethodError'{0x000000075a0c8748}: 'java.lang.Object java.lang.invoke.DirectMethodHandle$Holder.newInvokeSpecial(java.lang.Object, java.lang.Object, java.lang.Object, int, java.lang.Object)'> (0x000000075a0c8748) 
thrown [s\open\src\hotspot\share\interpreter\linkResolver.cpp, line 773]
Event: 11.834 Thread 0x0000023983c64020 Exception <a 'java/lang/NoSuchMethodError'{0x000000075a0cc988}: 'java.lang.Object java.lang.invoke.Invokers$Holder.linkToTargetMethod(java.lang.Object, java.lang.Object, int, java.lang.Object, java.lang.Object)'> (0x000000075a0cc988) 
thrown [s\open\src\hotspot\share\interpreter\linkResolver.cpp, line 773]
Event: 12.185 Thread 0x0000023983c64020 Exception <a 'sun/nio/fs/WindowsException'{0x000000075c894fb8}> (0x000000075c894fb8) 
thrown [s\open\src\hotspot\share\prims\jni.cpp, line 520]
Event: 13.586 Thread 0x0000023981904b60 Exception <a 'java/lang/NoSuchMethodError'{0x000000075bbbf760}: 'void java.lang.invoke.DirectMethodHandle$Holder.invokeInterface(java.lang.Object, java.lang.Object, java.lang.Object, int)'> (0x000000075bbbf760) 
thrown [s\open\src\hotspot\share\interpreter\linkResolver.cpp, line 773]
Event: 13.586 Thread 0x0000023981904b60 Exception <a 'java/lang/IncompatibleClassChangeError'{0x000000075bbc3300}: Found class java.lang.Object, but interface was expected> (0x000000075bbc3300) 
thrown [s\open\src\hotspot\share\interpreter\linkResolver.cpp, line 840]
Event: 13.586 Thread 0x0000023981904b60 Exception <a 'java/lang/NoSuchMethodError'{0x000000075bbc7720}: 'void java.lang.invoke.DelegatingMethodHandle$Holder.reinvoke_L(java.lang.Object, java.lang.Object, java.lang.Object, int)'> (0x000000075bbc7720) 
thrown [s\open\src\hotspot\share\interpreter\linkResolver.cpp, line 773]
Event: 13.602 Thread 0x0000023981904b60 Exception <a 'java/lang/IncompatibleClassChangeError'{0x000000075b8d5ff8}: Found class java.lang.Object, but interface was expected> (0x000000075b8d5ff8) 
thrown [s\open\src\hotspot\share\interpreter\linkResolver.cpp, line 840]
Event: 13.621 Thread 0x0000023981904b60 Exception <a 'java/lang/IncompatibleClassChangeError'{0x000000075b617788}: Found class java.lang.Object, but interface was expected> (0x000000075b617788) 
thrown [s\open\src\hotspot\share\interpreter\linkResolver.cpp, line 840]
Event: 841.676 Thread 0x0000023983c63300 Exception <a 'sun/nio/fs/WindowsException'{0x00000007fde0e5e0}> (0x00000007fde0e5e0) 
thrown [s\open\src\hotspot\share\prims\jni.cpp, line 520]
Event: 841.676 Thread 0x0000023983c63300 Exception <a 'sun/nio/fs/WindowsException'{0x00000007fde0fb28}> (0x00000007fde0fb28) 
thrown [s\open\src\hotspot\share\prims\jni.cpp, line 520]
Event: 841.676 Thread 0x0000023983c63300 Exception <a 'sun/nio/fs/WindowsException'{0x00000007fde11060}> (0x00000007fde11060) 
thrown [s\open\src\hotspot\share\prims\jni.cpp, line 520]
Event: 841.676 Thread 0x0000023983c63300 Exception <a 'sun/nio/fs/WindowsException'{0x00000007fde12570}> (0x00000007fde12570) 
thrown [s\open\src\hotspot\share\prims\jni.cpp, line 520]
Event: 844.481 Thread 0x000002398346ff20 Exception <a 'java/lang/NoSuchMethodError'{0x00000007fe5f4a10}: 'int java.lang.invoke.DirectMethodHandle$Holder.invokeSpecial(java.lang.Object, java.lang.Object, java.lang.Object, java.lang.Object, java.lang.Object)'> (0x00000007fe5f4a10) 
thrown [s\open\src\hotspot\share\interpreter\linkResolver.cpp, line 773]

ZGC Phase Switch (0 events):
No events

VM Operations (20 events):
Event: 843.001 Executing VM operation: Cleanup
Event: 843.002 Executing VM operation: Cleanup done
Event: 843.755 Executing VM operation: G1TryInitiateConcMark (G1 Humongous Allocation)
Event: 843.758 Executing VM operation: G1TryInitiateConcMark (G1 Humongous Allocation) done
Event: 843.817 Executing VM operation: G1PauseRemark
Event: 843.823 Executing VM operation: G1PauseRemark done
Event: 843.842 Executing VM operation: G1PauseCleanup
Event: 843.842 Executing VM operation: G1PauseCleanup done
Event: 844.432 Executing VM operation: ICBufferFull
Event: 844.432 Executing VM operation: ICBufferFull done
Event: 844.633 Executing VM operation: G1CollectForAllocation (G1 Evacuation Pause)
Event: 844.655 Executing VM operation: G1CollectForAllocation (G1 Evacuation Pause) done
Event: 844.985 Executing VM operation: ICBufferFull
Event: 844.985 Executing VM operation: ICBufferFull done
Event: 845.073 Executing VM operation: G1CollectForAllocation (G1 Evacuation Pause)
Event: 845.102 Executing VM operation: G1CollectForAllocation (G1 Evacuation Pause) done
Event: 845.207 Executing VM operation: G1CollectForAllocation (G1 Evacuation Pause)
Event: 845.247 Executing VM operation: G1CollectForAllocation (G1 Evacuation Pause) done
Event: 845.442 Executing VM operation: G1CollectForAllocation (G1 Evacuation Pause)
Event: 845.461 Executing VM operation: G1CollectForAllocation (G1 Evacuation Pause) done

Events (20 events):
Event: 844.455 Thread 0x0000023983470c40 Thread added: 0x0000023983470c40
Event: 844.455 Thread 0x00000239834705b0 Thread added: 0x00000239834705b0
Event: 844.455 Thread 0x00000239834733a0 Thread added: 0x00000239834733a0
Event: 844.455 Thread 0x0000023983471ff0 Thread added: 0x0000023983471ff0
Event: 844.455 Thread 0x0000023983474750 Thread added: 0x0000023983474750
Event: 844.455 Thread 0x00000239834712d0 Thread added: 0x00000239834712d0
Event: 844.455 Thread 0x0000023983473a30 Thread added: 0x0000023983473a30
Event: 844.456 Thread 0x0000023983472680 Thread added: 0x0000023983472680
Event: 844.814 Thread 0x0000023983474de0 Thread added: 0x0000023983474de0
Event: 844.814 Thread 0x0000023983472d10 Thread added: 0x0000023983472d10
Event: 844.814 Thread 0x0000023983471960 Thread added: 0x0000023983471960
Event: 844.814 Thread 0x0000023983475470 Thread added: 0x0000023983475470
Event: 844.814 Thread 0x0000023983475b00 Thread added: 0x0000023983475b00
Event: 844.815 Thread 0x0000023983476190 Thread added: 0x0000023983476190
Event: 844.815 Thread 0x0000023982dc05f0 Thread added: 0x0000023982dc05f0
Event: 844.815 Thread 0x0000023982dc1310 Thread added: 0x0000023982dc1310
Event: 844.815 Thread 0x0000023982dbde90 Thread added: 0x0000023982dbde90
Event: 844.815 Thread 0x0000023982dbff60 Thread added: 0x0000023982dbff60
Event: 844.815 Thread 0x0000023982dc19a0 Thread added: 0x0000023982dc19a0
Event: 844.877 Thread 0x0000023982dbe520 Thread added: 0x0000023982dbe520


Dynamic libraries:
0x00007ff72c790000 - 0x00007ff72c7a0000 	C:\Users\Administrator\.jdks\graalvm-jdk-21.0.6\bin\java.exe
0x00007ffbe0920000 - 0x00007ffbe0b80000 	C:\Windows\SYSTEM32\ntdll.dll
0x00007ffbdf590000 - 0x00007ffbdf657000 	C:\Windows\System32\KERNEL32.DLL
0x00007ffbde080000 - 0x00007ffbde44a000 	C:\Windows\System32\KERNELBASE.dll
0x00007ffbde5d0000 - 0x00007ffbde71b000 	C:\Windows\System32\ucrtbase.dll
0x00007ffbd8ac0000 - 0x00007ffbd8ad9000 	C:\Users\Administrator\.jdks\graalvm-jdk-21.0.6\bin\jli.dll
0x00007ffbdacf0000 - 0x00007ffbdad0b000 	C:\Users\Administrator\.jdks\graalvm-jdk-21.0.6\bin\VCRUNTIME140.dll
0x00007ffbdf850000 - 0x00007ffbdf902000 	C:\Windows\System32\ADVAPI32.dll
0x00007ffbdecd0000 - 0x00007ffbded79000 	C:\Windows\System32\msvcrt.dll
0x00007ffbde9d0000 - 0x00007ffbdea76000 	C:\Windows\System32\sechost.dll
0x00007ffbdfbd0000 - 0x00007ffbdfce6000 	C:\Windows\System32\RPCRT4.dll
0x00007ffbdf670000 - 0x00007ffbdf83c000 	C:\Windows\System32\USER32.dll
0x00007ffbc0590000 - 0x00007ffbc0827000 	C:\Windows\WinSxS\amd64_microsoft.windows.common-controls_6595b64144ccf1df_6.0.26100.3624_none_3e086962e3345f24\COMCTL32.dll
0x00007ffbddbc0000 - 0x00007ffbddbe7000 	C:\Windows\System32\win32u.dll
0x00007ffbde9a0000 - 0x00007ffbde9ca000 	C:\Windows\System32\GDI32.dll
0x00007ffbddc90000 - 0x00007ffbdddc1000 	C:\Windows\System32\gdi32full.dll
0x00007ffbddfd0000 - 0x00007ffbde073000 	C:\Windows\System32\msvcp_win.dll
0x00007ffbca710000 - 0x00007ffbca71b000 	C:\Windows\SYSTEM32\VERSION.dll
0x00007ffbdeb30000 - 0x00007ffbdeb5f000 	C:\Windows\System32\IMM32.DLL
0x00007ffbdace0000 - 0x00007ffbdacec000 	C:\Users\Administrator\.jdks\graalvm-jdk-21.0.6\bin\vcruntime140_1.dll
0x00007ffbc8ed0000 - 0x00007ffbc8f5e000 	C:\Users\Administrator\.jdks\graalvm-jdk-21.0.6\bin\msvcp140.dll
0x00007ffb0d020000 - 0x00007ffb0dd43000 	C:\Users\Administrator\.jdks\graalvm-jdk-21.0.6\bin\server\jvm.dll
0x00007ffbde790000 - 0x00007ffbde804000 	C:\Windows\System32\WS2_32.dll
0x00007ffbdd790000 - 0x00007ffbdd7ee000 	C:\Windows\SYSTEM32\POWRPROF.dll
0x00007ffbd21a0000 - 0x00007ffbd21d6000 	C:\Windows\SYSTEM32\WINMM.dll
0x00007ffbdd770000 - 0x00007ffbdd784000 	C:\Windows\SYSTEM32\UMPDC.dll
0x00007ffbdc910000 - 0x00007ffbdc92a000 	C:\Windows\SYSTEM32\kernel.appcore.dll
0x00007ffbd8ab0000 - 0x00007ffbd8aba000 	C:\Users\Administrator\.jdks\graalvm-jdk-21.0.6\bin\jimage.dll
0x00007ffbd2480000 - 0x00007ffbd26c1000 	C:\Windows\SYSTEM32\DBGHELP.DLL
0x00007ffbdfcf0000 - 0x00007ffbe0072000 	C:\Windows\System32\combase.dll
0x00007ffbe0800000 - 0x00007ffbe08d6000 	C:\Windows\System32\OLEAUT32.dll
0x00007ffbcbf80000 - 0x00007ffbcbfb9000 	C:\Windows\SYSTEM32\dbgcore.DLL
0x00007ffbddbf0000 - 0x00007ffbddc89000 	C:\Windows\System32\bcryptPrimitives.dll
0x00007ffbd8aa0000 - 0x00007ffbd8aaf000 	C:\Users\Administrator\.jdks\graalvm-jdk-21.0.6\bin\instrument.dll
0x00007ffbc8eb0000 - 0x00007ffbc8ecf000 	C:\Users\Administrator\.jdks\graalvm-jdk-21.0.6\bin\java.dll
0x00007ffbe00d0000 - 0x00007ffbe07f9000 	C:\Windows\System32\SHELL32.dll
0x00007ffbdde60000 - 0x00007ffbddfc8000 	C:\Windows\System32\wintypes.dll
0x00007ffbdb7e0000 - 0x00007ffbdc032000 	C:\Windows\SYSTEM32\windows.storage.dll
0x00007ffbdfa50000 - 0x00007ffbdfb3d000 	C:\Windows\System32\SHCORE.dll
0x00007ffbde720000 - 0x00007ffbde784000 	C:\Windows\System32\shlwapi.dll
0x00007ffbdda10000 - 0x00007ffbdda3f000 	C:\Windows\SYSTEM32\profapi.dll
0x00007ffbc8dd0000 - 0x00007ffbc8ea7000 	C:\Users\Administrator\.jdks\graalvm-jdk-21.0.6\bin\jsvml.dll
0x00007ffbc8db0000 - 0x00007ffbc8dc8000 	C:\Users\Administrator\.jdks\graalvm-jdk-21.0.6\bin\zip.dll
0x00007ffbd8a10000 - 0x00007ffbd8a20000 	C:\Users\Administrator\.jdks\graalvm-jdk-21.0.6\bin\net.dll
0x00007ffbd22a0000 - 0x00007ffbd23bd000 	C:\Windows\SYSTEM32\WINHTTP.dll
0x00007ffbdce30000 - 0x00007ffbdce9a000 	C:\Windows\system32\mswsock.dll
0x00007ffbc8d90000 - 0x00007ffbc8da6000 	C:\Users\Administrator\.jdks\graalvm-jdk-21.0.6\bin\nio.dll
0x00007ffb0a010000 - 0x00007ffb0d017000 	C:\Users\Administrator\.jdks\graalvm-jdk-21.0.6\bin\jvmcicompiler.dll
0x00007ffbdf910000 - 0x00007ffbdf918000 	C:\Windows\System32\PSAPI.DLL
0x00007ffbde450000 - 0x00007ffbde5c7000 	C:\Windows\System32\CRYPT32.dll
0x00007ffbdced0000 - 0x00007ffbdcefb000 	C:\Windows\SYSTEM32\USERENV.dll
0x00007ffbdd340000 - 0x00007ffbdd370000 	C:\Windows\SYSTEM32\ncrypt.dll
0x00007ffbdc340000 - 0x00007ffbdc373000 	C:\Windows\SYSTEM32\IPHLPAPI.DLL
0x00007ffbdd280000 - 0x00007ffbdd2bf000 	C:\Windows\SYSTEM32\NTASN1.dll
0x00007ffbc8d80000 - 0x00007ffbc8d90000 	C:\Users\Administrator\.jdks\graalvm-jdk-21.0.6\bin\verify.dll
0x00007ffbb9130000 - 0x00007ffbb9157000 	C:\Users\Administrator\.gradle\native\c067742578af261105cb4f569cf0c3c89f3d7b1fecec35dd04571415982c5e48\windows-amd64\native-platform.dll
0x00007ffbc8c30000 - 0x00007ffbc8d74000 	C:\Users\Administrator\.gradle\native\100fb08df4bc3b14c8652ba06237920a3bd2aa13389f12d3474272988ae205f9\windows-amd64\native-platform-file-events.dll
0x00007ffbc8c20000 - 0x00007ffbc8c2a000 	C:\Users\Administrator\.jdks\graalvm-jdk-21.0.6\bin\management.dll
0x00007ffbc8c10000 - 0x00007ffbc8c1b000 	C:\Users\Administrator\.jdks\graalvm-jdk-21.0.6\bin\management_ext.dll
0x00007ffbdd0d0000 - 0x00007ffbdd0ec000 	C:\Windows\SYSTEM32\CRYPTSP.dll
0x00007ffbdc870000 - 0x00007ffbdc8aa000 	C:\Windows\system32\rsaenh.dll
0x00007ffbdd9e0000 - 0x00007ffbdda06000 	C:\Windows\SYSTEM32\bcrypt.dll
0x00007ffbdd0f0000 - 0x00007ffbdd0fc000 	C:\Windows\SYSTEM32\CRYPTBASE.dll
0x00007ffbdf660000 - 0x00007ffbdf66a000 	C:\Windows\System32\NSI.dll
0x00007ffbc8c00000 - 0x00007ffbc8c09000 	C:\Users\Administrator\.jdks\graalvm-jdk-21.0.6\bin\extnet.dll
0x00007ffbc8bf0000 - 0x00007ffbc8bfe000 	C:\Users\Administrator\.jdks\graalvm-jdk-21.0.6\bin\sunmscapi.dll
0x00007ffbbe750000 - 0x00007ffbbe758000 	C:\Windows\system32\wshunix.dll
0x00007ffbdc380000 - 0x00007ffbdc4a5000 	C:\Windows\SYSTEM32\DNSAPI.dll
0x00007ffbd1e60000 - 0x00007ffbd1e6b000 	C:\Windows\System32\rasadhlp.dll
0x00007ffbd2060000 - 0x00007ffbd20e5000 	C:\Windows\System32\fwpuclnt.dll
0x00007ffbdca30000 - 0x00007ffbdca65000 	C:\Windows\SYSTEM32\ntmarta.dll

dbghelp: loaded successfully - version: 4.0.5 - missing functions: none
symbol engine: initialized successfully - sym options: 0x614 - pdb path: .;C:\Users\Administrator\.jdks\graalvm-jdk-21.0.6\bin;C:\Windows\SYSTEM32;C:\Windows\WinSxS\amd64_microsoft.windows.common-controls_6595b64144ccf1df_6.0.26100.3624_none_3e086962e3345f24;C:\Users\Administrator\.jdks\graalvm-jdk-21.0.6\bin\server;C:\Users\Administrator\.gradle\native\c067742578af261105cb4f569cf0c3c89f3d7b1fecec35dd04571415982c5e48\windows-amd64;C:\Users\Administrator\.gradle\native\100fb08df4bc3b14c8652ba06237920a3bd2aa13389f12d3474272988ae205f9\windows-amd64

VM Arguments:
jvm_args: -XX:ThreadPriorityPolicy=1 -XX:+UnlockExperimentalVMOptions -XX:+EnableJVMCIProduct -XX:-UnlockExperimentalVMOptions --add-opens=java.base/java.util=ALL-UNNAMED --add-opens=java.base/java.lang=ALL-UNNAMED --add-opens=java.base/java.lang.invoke=ALL-UNNAMED --add-opens=java.prefs/java.util.prefs=ALL-UNNAMED --add-exports=jdk.compiler/com.sun.tools.javac.api=ALL-UNNAMED --add-exports=jdk.compiler/com.sun.tools.javac.util=ALL-UNNAMED --add-opens=java.base/java.nio.charset=ALL-UNNAMED --add-opens=java.base/java.net=ALL-UNNAMED --add-opens=java.base/java.util.concurrent.atomic=ALL-UNNAMED -Xmx3G -Dfile.encoding=UTF-8 -Duser.country=CN -Duser.language=zh -Duser.variant -javaagent:C:\Users\Administrator\.gradle\wrapper\dists\gradle-8.10-bin\deqhafrv1ntovfmgh0nh3npr9\gradle-8.10\lib\agents\gradle-instrumentation-agent-8.10.jar 
java_command: org.gradle.launcher.daemon.bootstrap.GradleDaemon 8.10
java_class_path (initial): C:\Users\Administrator\.gradle\wrapper\dists\gradle-8.10-bin\deqhafrv1ntovfmgh0nh3npr9\gradle-8.10\lib\gradle-daemon-main-8.10.jar
Launcher Type: SUN_STANDARD

[Global flags]
     intx CICompilerCount                          = 4                                         {product} {ergonomic}
     uint ConcGCThreads                            = 3                                         {product} {ergonomic}
     bool EnableJVMCIProduct                       = true                                {JVMCI product} {jimage}
     uint G1ConcRefinementThreads                  = 10                                        {product} {ergonomic}
   size_t G1HeapRegionSize                         = 2097152                                   {product} {ergonomic}
    uintx GCDrainStackTargetSize                   = 64                                        {product} {ergonomic}
   size_t InitialHeapSize                          = 536870912                                 {product} {ergonomic}
   size_t MarkStackSize                            = 4194304                                   {product} {ergonomic}
   size_t MaxHeapSize                              = 3221225472                                {product} {command line}
   size_t MaxNewSize                               = 1931476992                                {product} {ergonomic}
   size_t MinHeapDeltaBytes                        = 2097152                                   {product} {ergonomic}
   size_t MinHeapSize                              = 8388608                                   {product} {ergonomic}
    uintx NonNMethodCodeHeapSize                   = 6979620                                {pd product} {ergonomic}
    uintx NonProfiledCodeHeapSize                  = 122339310                              {pd product} {ergonomic}
    uintx ProfiledCodeHeapSize                     = 122339310                              {pd product} {ergonomic}
    uintx ReservedCodeCacheSize                    = 251658240                              {pd product} {ergonomic}
     bool SegmentedCodeCache                       = true                                      {product} {ergonomic}
   size_t SoftMaxHeapSize                          = 3221225472                             {manageable} {ergonomic}
      int ThreadPriorityPolicy                     = 1                                         {product} {jimage}
     bool UseCompressedOops                        = true                           {product lp64_product} {ergonomic}
     bool UseG1GC                                  = true                                      {product} {ergonomic}
     bool UseLargePagesIndividualAllocation        = false                                  {pd product} {ergonomic}

Logging:
Log output configuration:
 #0: stdout all=warning uptime,level,tags foldmultilines=false
 #1: stderr all=off uptime,level,tags foldmultilines=false

Environment Variables:
PATH=C:\Program Files\Common Files\Oracle\Java\javapath;C:\Windows\system32;C:\Windows;C:\Windows\System32\Wbem;C:\Windows\System32\WindowsPowerShell\v1.0\;C:\Windows\System32\OpenSSH\;C:\Program Files\dotnet\;f:\cursor\resources\app\bin;C:\Users\Administrator\AppData\Local\Microsoft\WindowsApps;E:\IntelliJ IDEA 2024.3.2.2\bin;;F:\cursor\resources\app\bin;C:\Users\Administrator\AppData\Local\GitHubDesktop\bin
USERNAME=Administrator
OS=Windows_NT
PROCESSOR_IDENTIFIER=AMD64 Family 25 Model 33 Stepping 2, AuthenticAMD
TMP=C:\Users\Administrator\AppData\Local\Temp
TEMP=C:\Users\Administrator\AppData\Local\Temp




Periodic native trim disabled

---------------  S Y S T E M  ---------------

OS:
 Windows 11 , 64 bit Build 26100 (10.0.26100.3775)
OS uptime: 0 days 1:37 hours

CPU: total 12 (initial active 12) (12 cores per cpu, 2 threads per core) family 25 model 33 stepping 2 microcode 0xa20120a, cx8, cmov, fxsr, ht, mmx, 3dnowpref, sse, sse2, sse3, ssse3, sse4a, sse4.1, sse4.2, popcnt, lzcnt, tsc, tscinvbit, avx, avx2, aes, erms, clmul, bmi1, bmi2, adx, sha, fma, vzeroupper, clflush, clflushopt, rdtscp, rdpid, fsrm, f16c, pku, cet_ss
Processor Information for all 12 processors :
  Max Mhz: 4791, Current Mhz: 4791, Mhz Limit: 4791

Memory: 4k page, system-wide physical 32712M (12004M free)
TotalPageFile size 49096M (AvailPageFile size 13370M)
current process WorkingSet (physical memory assigned to process): 1022M, peak: 1029M
current process commit charge ("private bytes"): 1058M, peak: 1068M

vm_info: Java HotSpot(TM) 64-Bit Server VM (21.0.6+8-LTS-jvmci-23.1-b55) for windows-amd64 JRE (21.0.6+8-LTS-jvmci-23.1-b55), built on 2024-12-05T09:18:12Z by "OCIWIN30Buildbot" with MS VC++ 17.6 (VS2022)

END.
